Kaptive version	Database name	Database version	Assembly	Best match locus	Best match type	Match confidence	Problems	Identity	Coverage	Length discrepancy	Expected genes in locus	Expected genes in locus, details	Missing expected genes	Other genes in locus	Other genes in locus, details	Expected genes outside locus	Expected genes outside locus, details	Other genes outside locus	Other genes outside locus, details	Truncated genes, details	Extra genes, details
3.2.2.dev25+g7f2e9ef87.d20260626	Acinetobacter_baumannii_K	0.0.1	GCF_006491855.1_ASM649185v1_genomic	KL107	unknown	Untypeable	?+-!	99.84%	89.38%	n/a	16 / 20 (78.95%)	KL107_01_wzc,100.00%,100.00%;KL107_06_wzx_KL1,99.50%,100.00%;KL107_03_wza,100.00%,100.00%;KL107_07_gtr1,100.00%,100.00%;KL107_05_gne2,98.53%,100.00%;KL107_02_wzb,100.00%,100.00%;KL107_08_wzy_KL1,98.94%,24.44%,partial;KL107_14_gdr,100.00%,100.00%;KL107_13_qhbB,100.00%,100.00%;KL107_10_gtr2,99.48%,100.00%;KL107_15_galU,100.00%,100.00%;KL107_12_qhbA,100.00%,100.00%;KL107_11_itrA1,100.00%,100.00%;KL107_09_atr1,100.00%,13.46%,truncated;KL107_16_ugd,100.00%,4.43%,partial;KL107_16_ugd,100.00%,100.00%	?	3	KL1_04_gna1,100.00%,100.00%;KL17_17_gpi,100.00%,100.00%;KL147_21_pgm,100.00%,100.00%	0 / 20 (0.00%)		0		KL107_08_wzy_KL1,98.94%,24.44%,partial;KL107_09_atr1,100.00%,13.46%,truncated;KL107_16_ugd,100.00%,4.43%,partial	wzy-GI1,100.00%,100.00%;atr25-GI,99.68%,100.00%
3.2.2.dev25+g7f2e9ef87.d20260626	Acinetobacter_baumannii_K	0.0.1	GCF_006491865.1_ASM649186v1_genomic	KL195	unknown	Typeable	+-	99.95%	96.28%	-977	21 / 23 (91.30%)	KL195_01_wzc,100.00%,100.00%;KL195_20_gpi,99.82%,100.00%;KL195_23_pgm,99.12%,100.00%;KL195_04_gna2,100.00%,100.00%;KL195_09_wzx_KL11,100.00%,100.00%;KL195_19_ugd,100.00%,100.00%;KL195_15_tle,100.00%,100.00%;KL195_12_gtr27,100.00%,100.00%;KL195_05_rmlB,100.00%,100.00%;KL195_11_wzy_KL11,100.00%,100.00%;KL195_16_gtr29,100.00%,100.00%;KL195_03_wza,100.00%,100.00%;KL195_06_rmlD,100.00%,100.00%;KL195_10_gtr26,100.00%,100.00%;KL195_07_rmlA,100.00%,100.00%;KL195_18_galU,100.00%,100.00%;KL195_13_gtr28,100.00%,100.00%;KL195_17_itrA3,100.00%,100.00%;KL195_08_rmlC,100.00%,100.00%;KL195_14_atr6,100.00%,100.00%;KL195_02_wzb,100.00%,100.00%	?	1	KL11_21_pgt1,100.00%,100.00%	0 / 23 (0.00%)		0			
3.2.2.dev25+g7f2e9ef87.d20260626	Acinetobacter_baumannii_K	0.0.1	GCF_006491875.1_ASM649187v1_genomic	KL58	K58-Atr44-Ph	Untypeable	+-	98.92%	100.00%	2	21 / 23 (91.30%)	KL58_01_wzc,100.00%,100.00%;KL58_19_gpi,99.46%,100.00%;KL58_23_pgm,99.78%,100.00%;KL58_04_gna2,99.76%,100.00%;KL58_11_wzx_KL5,99.75%,100.00%;KL58_18_ugd,99.29%,100.00%;KL58_06_psaB,100.00%,100.00%;KL58_08_psaD,99.18%,100.00%;KL58_03_wza,100.00%,100.00%;KL58_10_psaF,99.71%,100.00%;KL58_14_gtr8,100.00%,100.00%;KL58_05_psaA,99.71%,100.00%;KL58_13_wzy_KL58,100.00%,100.00%;KL58_20_gne1,100.00%,100.00%;KL58_12_gtr118,99.37%,100.00%;KL58_15_gtr9,99.64%,100.00%;KL58_07_psaC,99.13%,100.00%;KL58_16_itrA2,100.00%,100.00%;KL58_09_psaE,100.00%,100.00%;KL58_02_wzb,100.00%,100.00%;KL58_21_atr42,100.00%,100.00%	?	2	KL79_20_galU,100.00%,100.00%;KL177_22_atr43,98.47%,100.00%	0 / 23 (0.00%)		4	KL144_08_rmlB,90.88%,98.78%;KL114_11_rmlA,92.86%,98.99%;KL38_10_rmlD,82.55%,100.00%,below_id_threshold;KL85_11_rmlC,93.92%,98.73%		atr44-Ph,100.00%,100.00%
3.2.2.dev25+g7f2e9ef87.d20260626	Acinetobacter_baumannii_K	0.0.1	GCF_006491885.1_ASM649188v1_genomic	KL2	K2	Typeable		99.03%	100.00%	0	21 / 21 (100.00%)	KL2_01_wzc,100.00%,100.00%;KL2_20_gpi,100.00%,100.00%;KL2_12_kpsS1,100.00%,100.00%;KL2_22_pgm,100.00%,100.00%;KL2_04_gna2,100.00%,100.00%;KL2_19_ugd,100.00%,100.00%;KL2_11_wzx_KL2,100.00%,100.00%;KL2_06_psaB,100.00%,100.00%;KL2_03_wza,100.00%,100.00%;KL2_08_psaD,100.00%,100.00%;KL2_10_psaF,100.00%,100.00%;KL2_21_gne1,100.00%,100.00%;KL2_05_psaA,99.40%,100.00%;KL2_13_wzy_KL2,99.69%,100.00%;KL2_18_galU,100.00%,100.00%;KL2_16_gtr5,100.00%,100.00%;KL2_15_gtr4,100.00%,100.00%;KL2_07_psaC,100.00%,100.00%;KL2_14_gtr3,100.00%,100.00%;KL2_09_psaE,100.00%,100.00%;KL2_02_wzb,100.00%,100.00%	?	0		0 / 21 (0.00%)		4	KL144_08_rmlB,90.88%,98.78%;KL114_11_rmlA,92.86%,98.99%;KL38_10_rmlD,82.55%,100.00%,below_id_threshold;KL85_11_rmlC,93.92%,98.73%		
3.2.2.dev25+g7f2e9ef87.d20260626	Acinetobacter_baumannii_K	0.0.1	GCF_006491955.1_ASM649195v1_genomic	KL57	K57	Untypeable	+-	98.76%	99.99%	-3	18 / 21 (85.71%)	KL57_01_wzc,97.54%,100.00%;KL57_20_pgt1,99.35%,100.00%;KL57_09_wzx_KL57,98.99%,100.00%;KL57_21_pgm,99.56%,100.00%;KL57_04_gna2,100.00%,100.00%;KL57_14_gtr50,98.96%,100.00%;KL57_12_wzy_KL57,98.72%,100.00%;KL57_03_wza,99.74%,100.00%;KL57_13_gtr117,97.81%,100.00%;KL57_07_vioA,98.64%,100.00%;KL57_11_gtr116,98.60%,100.00%;KL57_19_gne1,100.00%,100.00%;KL57_05_rmlB,99.15%,100.00%;KL57_10_gtr115,98.76%,100.00%;KL57_06_rmlA,99.32%,100.00%;KL57_15_itrA2,100.00%,100.00%;KL57_08_vioB,97.62%,100.00%;KL57_02_wzb,97.20%,100.00%	?	3	KL166_17_gpi,98.04%,100.00%;KL181_17_ugd,97.62%,100.00%;KL133_16_galU,98.29%,100.00%	0 / 21 (0.00%)		0			
3.2.2.dev25+g7f2e9ef87.d20260626	Acinetobacter_baumannii_K	0.0.1	GCF_006491965.1_ASM649196v1_genomic	KL107	unknown	Untypeable	?+-!	99.82%	96.59%	n/a	16 / 20 (78.95%)	KL107_01_wzc,100.00%,100.00%;KL107_06_wzx_KL1,99.50%,100.00%;KL107_03_wza,100.00%,100.00%;KL107_05_gne2,98.53%,100.00%;KL107_07_gtr1,100.00%,88.08%,partial;KL107_02_wzb,100.00%,100.00%;KL107_14_gdr,100.00%,100.00%;KL107_16_ugd,100.00%,100.00%;KL107_13_qhbB,100.00%,100.00%;KL107_08_wzy_KL1,99.74%,100.00%;KL107_10_gtr2,99.74%,100.00%;KL107_09_atr1,99.36%,100.00%;KL107_15_galU,100.00%,100.00%;KL107_12_qhbA,100.00%,100.00%;KL107_11_itrA1,100.00%,100.00%;KL107_07_gtr1,100.00%,11.92%,partial	?	3	KL1_04_gna1,100.00%,100.00%;KL17_17_gpi,100.00%,100.00%;KL1_18_pgm,100.00%,100.00%	0 / 20 (0.00%)		0		KL107_07_gtr1,100.00%,88.08%,partial;KL107_07_gtr1,100.00%,11.92%,partial	
3.2.2.dev25+g7f2e9ef87.d20260626	Acinetobacter_baumannii_K	0.0.1	GCF_006491975.1_ASM649197v1_genomic	KL8	K8	Typeable		99.98%	100.00%	0	27 / 27 (100.00%)	KL8_02_wzc,100.00%,100.00%;KL8_25_gpi,100.00%,100.00%;KL8_27_pgm,100.00%,100.00%;KL8_05_gna2,99.76%,100.00%;KL8_24_ugd,100.00%,100.00%;KL8_06_lgaA,100.00%,100.00%;KL8_13_wzx_KL8,100.00%,100.00%;KL8_07_lgaB,100.00%,100.00%;KL8_08_lgaC,100.00%,100.00%;KL8_15_gtr19,100.00%,100.00%;KL8_04_wza,100.00%,100.00%;KL8_18_fnlC,100.00%,100.00%;KL8_17_fnlB,100.00%,100.00%;KL8_09_lgaH,100.00%,100.00%;KL8_19_gtr20,100.00%,100.00%;KL8_16_fnlA,100.00%,100.00%;KL8_26_gne1,100.00%,100.00%;KL8_21_itrB2,100.00%,100.00%;KL8_01_wzy_KL8,100.00%,100.00%;KL8_14_gtr18,99.69%,100.00%;KL8_20_qnr3,100.00%,100.00%;KL8_23_galU,100.00%,100.00%;KL8_11_lgaF,100.00%,100.00%;KL8_12_lgaG,100.00%,100.00%;KL8_10_lgaI,100.00%,100.00%;KL8_22_itrA3,100.00%,100.00%;KL8_03_wzb,100.00%,100.00%	?	0		0 / 27 (0.00%)		0			
3.2.2.dev25+g7f2e9ef87.d20260626	Acinetobacter_baumannii_K	0.0.1	GCF_006491985.1_ASM649198v1_genomic	KL25	K25	Untypeable	*	99.71%	100.00%	6	19 / 19 (100.00%)	KL25_01_wzc,100.00%,100.00%;KL25_14_gdr,100.00%,100.00%;KL25_17_gpi,100.00%,100.00%;KL25_19_pgm,100.00%,100.00%;KL25_04_gna2,100.00%,100.00%;KL25_16_ugd,100.00%,100.00%;KL25_06_mnaB,100.00%,100.00%;KL25_09_wzy_KL25,100.00%,100.00%;KL25_07_wzx_KL25,100.00%,100.00%;KL25_13_qhbB,98.95%,100.00%;KL25_03_wza,100.00%,100.00%;KL25_05_mnaA,100.00%,100.00%;KL25_18_gne1,100.00%,100.00%;KL25_10_gtr52,80.00%,100.00%,below_id_threshold;KL25_08_gtr51,95.83%,100.00%;KL25_15_galU,100.00%,100.00%;KL25_12_qhbA,100.00%,100.00%;KL25_11_itrA1,100.00%,99.44%;KL25_02_wzb,100.00%,100.00%	?	0		0 / 19 (0.00%)		0			
3.2.2.dev25+g7f2e9ef87.d20260626	Acinetobacter_baumannii_K	0.0.1	GCF_006492055.1_ASM649205v1_genomic	KL147	unknown	Typeable		100.00%	100.00%	0	21 / 21 (100.00%)	KL147_01_wzc,100.00%,100.00%;KL147_16_gdr,100.00%,100.00%;KL147_20_gpi,100.00%,100.00%;KL147_17_orf_KL15,100.00%,100.00%;KL147_09_wzx_KL15,100.00%,100.00%;KL147_10_wzy_KL15,100.00%,100.00%;KL147_21_pgm,100.00%,100.00%;KL147_04_gna3,100.00%,100.00%;KL147_19_ugd,100.00%,100.00%;KL147_12_gtr36,100.00%,100.00%;KL147_15_qhbB,100.00%,100.00%;KL147_03_wza,100.00%,100.00%;KL147_11_gtr35,100.00%,100.00%;KL147_08_gtr34,100.00%,100.00%;KL147_07_dgaC,100.00%,100.00%;KL147_05_dgaA,100.00%,100.00%;KL147_18_galU,100.00%,100.00%;KL147_14_qhbC,100.00%,100.00%;KL147_13_itrA1,100.00%,100.00%;KL147_06_dgaB,100.00%,100.00%;KL147_02_wzb,100.00%,100.00%	?	0		0 / 21 (0.00%)		0			
3.2.2.dev25+g7f2e9ef87.d20260626	Acinetobacter_baumannii_K	0.0.1	GCF_006492065.1_ASM649206v1_genomic	KL107	unknown	Untypeable	+-	99.83%	96.59%	-778	15 / 19 (78.95%)	KL107_01_wzc,100.00%,100.00%;KL107_14_gdr,100.00%,100.00%;KL107_16_ugd,100.00%,100.00%;KL107_06_wzx_KL1,99.50%,100.00%;KL107_13_qhbB,100.00%,100.00%;KL107_08_wzy_KL1,99.74%,100.00%;KL107_10_gtr2,99.74%,100.00%;KL107_03_wza,100.00%,100.00%;KL107_07_gtr1,100.00%,100.00%;KL107_05_gne2,98.53%,100.00%;KL107_09_atr1,99.36%,100.00%;KL107_15_galU,100.00%,100.00%;KL107_12_qhbA,100.00%,100.00%;KL107_11_itrA1,100.00%,100.00%;KL107_02_wzb,100.00%,100.00%	?	3	KL17_17_gpi,100.00%,100.00%;KL1_18_pgm,100.00%,100.00%;KL1_04_gna1,100.00%,100.00%	0 / 19 (0.00%)		0			
3.2.2.dev25+g7f2e9ef87.d20260626	Acinetobacter_baumannii_K	0.0.1	GCF_006492075.1_ASM649207v1_genomic	KL149	unknown	Typeable	-	99.90%	92.68%	-1966	21 / 22 (95.45%)	KL149_01_wzc,99.04%,100.00%;KL149_19_gpi,100.00%,100.00%;KL149_22_pgm,98.90%,99.56%;KL149_04_gna1,100.00%,100.00%;KL149_18_ugd,100.00%,100.00%;KL149_06_wzx_KL9,100.00%,100.00%;KL149_08_gtr21,100.00%,100.00%;KL149_09_gtr22,100.00%,100.00%;KL149_03_wza,100.00%,100.00%;KL149_12_fnlC,100.00%,100.00%;KL149_11_fnlB,100.00%,100.00%;KL149_10_fnlA,100.00%,100.00%;KL149_13_gtr20,100.00%,100.00%;KL149_05_gne2,100.00%,100.00%;KL149_20_gne1,100.00%,98.14%;KL149_15_itrB2,100.00%,100.00%;KL149_07_wzy_KL9,100.00%,100.00%;KL149_14_qnr3,100.00%,100.00%;KL149_17_galU,100.00%,100.00%;KL149_16_itrA3,100.00%,100.00%;KL149_02_wzb,100.00%,100.00%	?	0		0 / 22 (0.00%)		0			
3.2.2.dev25+g7f2e9ef87.d20260626	Acinetobacter_baumannii_K	0.0.1	GCF_006492085.1_ASM649208v1_genomic	KL21	K21	Untypeable	+-*	99.95%	100.00%	-1	21 / 23 (91.30%)	KL21_01_wzc,100.00%,100.00%;KL21_15_gdr,100.00%,100.00%;KL21_18_gpi,100.00%,100.00%;KL21_05_wzx_KL20,100.00%,100.00%;KL21_20_pet1,100.00%,100.00%;KL21_23_pgm,100.00%,100.00%;KL21_10_ugd2,100.00%,100.00%;KL21_04_gna2,100.00%,100.00%;KL21_17_ugd,100.00%,100.00%;KL21_11_gtr44,100.00%,100.00%;KL21_08_wzy_KL20,100.00%,100.00%;KL21_14_qhbB,100.00%,100.00%;KL21_19_gne1,100.00%,100.00%;KL21_07_gtr42,100.00%,100.00%;KL21_06_ptr2,100.00%,100.00%;KL21_09_gtr45,100.00%,100.00%;KL21_16_galU,100.00%,100.00%;KL21_13_qhbA,100.00%,100.00%;KL21_12_itrA1,100.00%,100.00%;KL21_02_wzb,100.00%,100.00%;KL21_21_orf1_KL20,100.00%,100.00%	?	2	KL124_17_atr20,47.20%,97.68%,below_id_threshold;KL34_03_wza,98.93%,100.00%	0 / 23 (0.00%)		0			
3.2.2.dev25+g7f2e9ef87.d20260626	Acinetobacter_baumannii_K	0.0.1	GCF_006492125.1_ASM649212v1_genomic	KL19	K19-Wzy/Atr25-GI1	Typeable		99.93%	100.00%	0	17 / 17 (100.00%)	KL19_01_wzc,99.73%,100.00%;KL19_12_gdr,100.00%,100.00%;KL19_15_gpi,99.82%,100.00%;KL19_17_pgm,100.00%,100.00%;KL19_04_gna1,100.00%,100.00%;KL19_14_ugd,100.00%,100.00%;KL19_06_wzx_KL19,100.00%,100.00%;KL19_11_qhbB,100.00%,100.00%;KL19_08_gtr2,100.00%,100.00%;KL19_03_wza,100.00%,100.00%;KL19_07_gtr41,99.73%,100.00%;KL19_05_gne2,100.00%,100.00%;KL19_16_gne1,99.71%,100.00%;KL19_13_galU,99.62%,100.00%;KL19_10_qhbC,100.00%,100.00%;KL19_09_itrA1,100.00%,100.00%;KL19_02_wzb,100.00%,100.00%	?	0		0 / 17 (0.00%)		0			wzy-GI1,100.00%,100.00%;atr25-GI,100.00%,100.00%
3.2.2.dev25+g7f2e9ef87.d20260626	Acinetobacter_baumannii_K	0.0.1	GCF_006492155.1_ASM649215v1_genomic	KL49	K49	Typeable	+-	99.89%	100.00%	0	27 / 28 (96.43%)	KL49_01_wzc,100.00%,100.00%;KL49_26_gpi,100.00%,100.00%;KL49_28_pgm,100.00%,100.00%;KL49_14_wzy_KL49,100.00%,100.00%;KL49_04_gna2,100.00%,100.00%;KL49_16_wzx_KL49,100.00%,100.00%;KL49_25_ugd,100.00%,100.00%;KL49_05_lgaA,100.00%,100.00%;KL49_07_lgaC,100.00%,100.00%;KL49_06_lgaB,100.00%,100.00%;KL49_19_fnlC,100.00%,100.00%;KL49_18_fnlB,100.00%,100.00%;KL49_03_wza,100.00%,100.00%;KL49_08_lgaD,100.00%,100.00%;KL49_15_gtr100,100.00%,100.00%;KL49_17_fnlA,100.00%,100.00%;KL49_27_gne1,100.00%,100.00%;KL49_22_itrB2,99.70%,100.00%;KL49_11_elaA,100.00%,100.00%;KL49_20_gtr20,100.00%,100.00%;KL49_24_galU,100.00%,100.00%;KL49_10_lgaF,100.00%,100.00%;KL49_13_elaC,100.00%,100.00%;KL49_12_elaB,99.56%,100.00%;KL49_09_lgaE,100.00%,100.00%;KL49_23_itrA3,100.00%,100.00%;KL49_02_wzb,100.00%,100.00%	?	1	KL54_20_qnr3,97.54%,100.00%	0 / 28 (0.00%)		0			
3.2.2.dev25+g7f2e9ef87.d20260626	Acinetobacter_baumannii_K	0.0.1	GCF_006492165.1_ASM649216v1_genomic	KL6	K6	Typeable		100.00%	100.00%	1	21 / 21 (100.00%)	KL6_01_wzc,100.00%,100.00%;KL6_19_gpi,100.00%,100.00%;KL6_21_pgm,100.00%,100.00%;KL6_13_wzy_KL6,100.00%,100.00%;KL6_04_gna2,100.00%,100.00%;KL6_18_ugd,100.00%,100.00%;KL6_11_wzx_KL5,100.00%,100.00%;KL6_06_psaB,100.00%,100.00%;KL6_03_wza,100.00%,100.00%;KL6_08_psaD,100.00%,100.00%;KL6_10_psaF,100.00%,100.00%;KL6_20_gne1,100.00%,100.00%;KL6_05_psaA,100.00%,100.00%;KL6_17_galU,100.00%,100.00%;KL6_15_gtr5,100.00%,100.00%;KL6_14_gtr17,100.00%,100.00%;KL6_07_psaC,100.00%,100.00%;KL6_16_itrA2,100.00%,100.00%;KL6_09_psaE,100.00%,100.00%;KL6_02_wzb,100.00%,100.00%;KL6_12_gtr16,100.00%,100.00%	?	0		0 / 21 (0.00%)		0			
3.2.2.dev25+g7f2e9ef87.d20260626	Acinetobacter_baumannii_K	0.0.1	GCF_006492175.1_ASM649217v1_genomic	KL200	unknown	Typeable	+-	98.23%	91.53%	-1965	18 / 20 (90.00%)	KL200_01_wzc,99.45%,100.00%;KL200_17_gpi,99.28%,100.00%;KL200_20_pgm,98.90%,99.56%;KL200_16_ugd,99.76%,100.00%;KL200_05_wzx_KL32,98.10%,100.00%;KL200_04_gna2,99.29%,100.00%;KL200_11_ugd3,98.98%,100.00%;KL200_07_gtr68,98.38%,100.00%;KL200_08_wzy_KL32,97.81%,100.00%;KL200_03_wza,98.12%,100.00%;KL200_18_gne1,99.40%,98.14%;KL200_06_gtr67,97.70%,100.00%;KL200_13_orf_KL32,97.92%,100.00%;KL200_15_galU,98.63%,100.00%;KL200_10_gtr70,99.22%,100.00%;KL200_09_gtr69,98.05%,100.00%;KL200_14_itrA2,99.10%,100.00%;KL200_02_wzb,97.90%,100.00%	?	1	KL164_12_atr9,100.00%,100.00%	0 / 20 (0.00%)		5	KL114_11_rmlA,92.86%,98.99%;KL38_10_rmlD,82.55%,100.00%,below_id_threshold;KL85_11_rmlC,93.92%,98.73%;KL85_08_rmlB,90.09%,31.18%,truncated;KL144_08_rmlB,91.29%,68.07%,truncated	KL85_08_rmlB,90.09%,31.18%,truncated;KL144_08_rmlB,91.29%,68.07%,truncated	
3.2.2.dev25+g7f2e9ef87.d20260626	Acinetobacter_baumannii_K	0.0.1	GCF_006492195.1_ASM649219v1_genomic	KL107	unknown	Untypeable	?+-!	99.54%	96.48%	n/a	16 / 20 (78.95%)	KL107_01_wzc,100.00%,100.00%;KL107_06_wzx_KL1,99.50%,100.00%;KL107_03_wza,100.00%,100.00%;KL107_05_gne2,98.53%,100.00%;KL107_07_gtr1,100.00%,87.32%,partial;KL107_02_wzb,100.00%,100.00%;KL107_14_gdr,100.00%,100.00%;KL107_16_ugd,100.00%,100.00%;KL107_13_qhbB,100.00%,100.00%;KL107_08_wzy_KL1,99.74%,100.00%;KL107_10_gtr2,99.74%,100.00%;KL107_09_atr1,94.74%,100.00%;KL107_15_galU,100.00%,100.00%;KL107_12_qhbA,100.00%,100.00%;KL107_11_itrA1,100.00%,100.00%;KL107_07_gtr1,100.00%,10.61%,partial	?	3	KL1_04_gna1,100.00%,100.00%;KL17_17_gpi,100.00%,100.00%;KL1_18_pgm,100.00%,100.00%	0 / 20 (0.00%)		0		KL107_07_gtr1,100.00%,87.32%,partial;KL107_07_gtr1,100.00%,10.61%,partial	
3.2.2.dev25+g7f2e9ef87.d20260626	Acinetobacter_baumannii_K	0.0.1	GCF_006492215.1_ASM649221v1_genomic	KL41	unknown	Typeable	+-	100.00%	99.97%	-8	19 / 20 (95.00%)	KL41_01_wzc,100.00%,100.00%;KL41_17_gpi,100.00%,100.00%;KL41_05_neuA,100.00%,100.00%;KL41_20_pgm,100.00%,100.00%;KL41_04_gna2,100.00%,100.00%;KL41_16_ugd,100.00%,100.00%;KL41_09_wzx_KL41,100.00%,100.00%;KL41_07_ptr3,100.00%,100.00%;KL41_03_wza,100.00%,100.00%;KL41_06_neuB,100.00%,100.00%;KL41_11_wzy_KL41,100.00%,100.00%;KL41_12_gtr8,100.00%,100.00%;KL41_18_gne1,100.00%,100.00%;KL41_10_gtr87,100.00%,100.00%;KL41_15_galU,100.00%,100.00%;KL41_13_gtr9,100.00%,100.00%;KL41_08_atr11,100.00%,100.00%;KL41_14_itrA2,100.00%,100.00%;KL41_02_wzb,100.00%,100.00%	?	1	KL214_21_atr12,100.00%,100.00%	0 / 20 (0.00%)		0			
3.2.2.dev25+g7f2e9ef87.d20260626	Acinetobacter_baumannii_K	0.0.1	GCF_006492245.1_ASM649224v1_genomic	KL168	unknown	Typeable	-	99.95%	95.73%	-1111	21 / 23 (91.30%)	KL168_01_wzc,99.86%,100.00%;KL168_19_gpi,100.00%,100.00%;KL168_23_pgm,99.78%,99.49%;KL168_04_gna1,100.00%,100.00%;KL168_18_ugd,100.00%,100.00%;KL168_06_wzx_KL9,100.00%,100.00%;KL168_08_gtr21,100.00%,100.00%;KL168_09_gtr22,100.00%,100.00%;KL168_03_wza,100.00%,100.00%;KL168_12_fnlC,100.00%,100.00%;KL168_11_fnlB,100.00%,100.00%;KL168_10_fnlA,100.00%,100.00%;KL168_13_gtr20,100.00%,100.00%;KL168_05_gne2,100.00%,100.00%;KL168_15_itrB2,100.00%,100.00%;KL168_20_gne1,99.40%,98.73%;KL168_14_qnr3,100.00%,100.00%;KL168_07_wzy_KL9,100.00%,100.00%;KL168_17_galU,100.00%,100.00%;KL168_16_itrA3,100.00%,100.00%;KL168_02_wzb,100.00%,100.00%	?	0		0 / 23 (0.00%)		0			
3.2.2.dev25+g7f2e9ef87.d20260626	Acinetobacter_baumannii_K	0.0.1	GCF_006492265.1_ASM649226v1_genomic	KL14	K14	Typeable		98.87%	100.00%	0	17 / 17 (100.00%)	KL14_01_wzc,100.00%,100.00%;KL14_16_pgt1,100.00%,100.00%;KL14_14_gpi,100.00%,100.00%;KL14_07_wzy_KL14,100.00%,100.00%;KL14_17_pgm,100.00%,100.00%;KL14_05_wzx_KL14,100.00%,100.00%;KL14_04_gna2,100.00%,100.00%;KL14_13_ugd,100.00%,100.00%;KL14_03_wza,100.00%,100.00%;KL14_09_gtr25,100.00%,100.00%;KL14_15_gne1,100.00%,100.00%;KL14_06_gtr32,100.00%,100.00%;KL14_08_gtr33,99.68%,100.00%;KL14_12_galU,100.00%,100.00%;KL14_10_gtr5,100.00%,100.00%;KL14_11_itrA2,100.00%,100.00%;KL14_02_wzb,100.00%,100.00%	?	0		0 / 17 (0.00%)		4	KL144_08_rmlB,90.88%,98.78%;KL114_11_rmlA,92.86%,98.99%;KL38_10_rmlD,82.55%,100.00%,below_id_threshold;KL85_11_rmlC,93.92%,98.73%		
3.2.2.dev25+g7f2e9ef87.d20260626	Acinetobacter_baumannii_K	0.0.1	GCF_006492295.1_ASM649229v1_genomic	KL151	unknown	Untypeable	+-*	100.00%	100.00%	0	18 / 20 (90.00%)	KL151_01_wzc,100.00%,100.00%;KL151_15_gpi,100.00%,100.00%;KL151_05_wzx_KL20,100.00%,100.00%;KL151_20_pgm,100.00%,100.00%;KL151_04_gna2,100.00%,100.00%;KL151_14_ugd,100.00%,100.00%;KL151_08_wzy_KL151,100.00%,100.00%;KL151_11_ugd5,100.00%,100.00%;KL151_03_wza,100.00%,100.00%;KL151_09_gtr208,100.00%,100.00%;KL151_16_gne1,100.00%,100.00%;KL151_07_gtr207,100.00%,100.00%;KL151_06_ptr2,100.00%,100.00%;KL151_13_galU,100.00%,100.00%;KL151_17_orf_KL82,100.00%,100.00%;KL151_10_gtr179,100.00%,100.00%;KL151_12_itrA2,100.00%,100.00%;KL151_02_wzb,100.00%,100.00%	?	1	KL82_17_atr32,63.05%,99.85%,below_id_threshold	0 / 20 (0.00%)		0			
3.2.2.dev25+g7f2e9ef87.d20260626	Acinetobacter_baumannii_K	0.0.1	GCF_006492305.1_ASM649230v1_genomic	KL153	unknown	Typeable		100.00%	100.00%	0	22 / 22 (100.00%)	KL153_01_wzc,100.00%,100.00%;KL153_20_gpi,100.00%,100.00%;KL153_22_pgm,100.00%,100.00%;KL153_04_gna2,100.00%,100.00%;KL153_19_ugd,100.00%,100.00%;KL153_12_wzx_KL5,100.00%,100.00%;KL153_05_lgaA,100.00%,100.00%;KL153_06_lgaB,100.00%,100.00%;KL153_07_lgaC,100.00%,100.00%;KL153_03_wza,100.00%,100.00%;KL153_14_wzy_KL31,100.00%,100.00%;KL153_08_lgaH,100.00%,100.00%;KL153_21_gne1,100.00%,100.00%;KL153_15_gtr66,100.00%,100.00%;KL153_13_gtr65,100.00%,100.00%;KL153_18_galU,100.00%,100.00%;KL153_10_lgaF,100.00%,100.00%;KL153_16_gtr5,100.00%,100.00%;KL153_11_lgaG,100.00%,100.00%;KL153_09_lgaI,100.00%,100.00%;KL153_17_itrA2,100.00%,100.00%;KL153_02_wzb,100.00%,100.00%	?	0		0 / 22 (0.00%)		0			
3.2.2.dev25+g7f2e9ef87.d20260626	Acinetobacter_baumannii_K	0.0.1	GCF_006492315.1_ASM649231v1_genomic	KL14	K14	Untypeable	+-	98.67%	100.00%	0	15 / 17 (88.24%)	KL14_01_wzc,100.00%,100.00%;KL14_16_pgt1,99.84%,100.00%;KL14_14_gpi,99.46%,100.00%;KL14_07_wzy_KL14,100.00%,100.00%;KL14_17_pgm,99.78%,100.00%;KL14_05_wzx_KL14,100.00%,100.00%;KL14_04_gna2,100.00%,100.00%;KL14_03_wza,100.00%,100.00%;KL14_15_gne1,98.82%,100.00%;KL14_06_gtr32,100.00%,100.00%;KL14_08_gtr33,98.41%,100.00%;KL14_12_galU,100.00%,100.00%;KL14_10_gtr5,99.64%,100.00%;KL14_11_itrA2,100.00%,100.00%;KL14_02_wzb,100.00%,100.00%	?	2	KL205_18_ugd,100.00%,100.00%;KL95_14_gtr25,99.71%,100.00%	0 / 17 (0.00%)		4	KL144_08_rmlB,90.88%,98.78%;KL114_11_rmlA,92.86%,98.99%;KL38_10_rmlD,82.55%,100.00%,below_id_threshold;KL85_11_rmlC,93.92%,98.73%		
3.2.2.dev25+g7f2e9ef87.d20260626	Acinetobacter_baumannii_K	0.0.1	GCF_006492335.1_ASM649233v1_genomic	KL14	K14	Typeable		98.63%	100.00%	-1	17 / 17 (100.00%)	KL14_01_wzc,99.45%,100.00%;KL14_16_pgt1,100.00%,100.00%;KL14_14_gpi,100.00%,100.00%;KL14_07_wzy_KL14,100.00%,100.00%;KL14_17_pgm,100.00%,100.00%;KL14_05_wzx_KL14,100.00%,100.00%;KL14_04_gna2,100.00%,100.00%;KL14_03_wza,100.00%,100.00%;KL14_09_gtr25,100.00%,100.00%;KL14_15_gne1,100.00%,100.00%;KL14_13_ugd,98.10%,100.00%;KL14_06_gtr32,100.00%,100.00%;KL14_08_gtr33,100.00%,100.00%;KL14_10_gtr5,100.00%,100.00%;KL14_12_galU,98.63%,100.00%;KL14_11_itrA2,99.52%,100.00%;KL14_02_wzb,99.30%,100.00%	?	0		0 / 17 (0.00%)		4	KL144_08_rmlB,90.88%,98.78%;KL114_11_rmlA,92.86%,98.99%;KL38_10_rmlD,82.21%,100.00%,below_id_threshold;KL85_11_rmlC,93.92%,98.73%		
3.2.2.dev25+g7f2e9ef87.d20260626	Acinetobacter_baumannii_K	0.0.1	GCF_006492375.1_ASM649237v1_genomic	KL49	K49	Typeable	+-	99.89%	100.00%	0	27 / 28 (96.43%)	KL49_01_wzc,100.00%,100.00%;KL49_26_gpi,100.00%,100.00%;KL49_28_pgm,100.00%,100.00%;KL49_14_wzy_KL49,100.00%,100.00%;KL49_04_gna2,100.00%,100.00%;KL49_16_wzx_KL49,100.00%,100.00%;KL49_25_ugd,100.00%,100.00%;KL49_05_lgaA,100.00%,100.00%;KL49_07_lgaC,100.00%,100.00%;KL49_06_lgaB,99.74%,100.00%;KL49_19_fnlC,100.00%,100.00%;KL49_18_fnlB,100.00%,100.00%;KL49_03_wza,100.00%,100.00%;KL49_08_lgaD,100.00%,100.00%;KL49_15_gtr100,100.00%,100.00%;KL49_17_fnlA,100.00%,100.00%;KL49_27_gne1,100.00%,100.00%;KL49_22_itrB2,100.00%,100.00%;KL49_11_elaA,100.00%,100.00%;KL49_20_gtr20,100.00%,100.00%;KL49_24_galU,100.00%,100.00%;KL49_10_lgaF,100.00%,100.00%;KL49_13_elaC,100.00%,100.00%;KL49_12_elaB,99.56%,100.00%;KL49_09_lgaE,100.00%,100.00%;KL49_23_itrA3,100.00%,100.00%;KL49_02_wzb,100.00%,100.00%	?	1	KL54_20_qnr3,97.54%,100.00%	0 / 28 (0.00%)		0			
3.2.2.dev25+g7f2e9ef87.d20260626	Acinetobacter_baumannii_K	0.0.1	GCF_006492385.1_ASM649238v1_genomic	KL2	K2	Typeable		99.99%	100.00%	0	21 / 21 (100.00%)	KL2_01_wzc,100.00%,100.00%;KL2_20_gpi,100.00%,100.00%;KL2_12_kpsS1,100.00%,100.00%;KL2_22_pgm,100.00%,100.00%;KL2_04_gna2,100.00%,100.00%;KL2_19_ugd,100.00%,100.00%;KL2_11_wzx_KL2,100.00%,100.00%;KL2_06_psaB,100.00%,100.00%;KL2_03_wza,100.00%,100.00%;KL2_08_psaD,100.00%,100.00%;KL2_10_psaF,100.00%,100.00%;KL2_21_gne1,100.00%,100.00%;KL2_05_psaA,99.70%,100.00%;KL2_13_wzy_KL2,100.00%,100.00%;KL2_18_galU,100.00%,100.00%;KL2_16_gtr5,100.00%,100.00%;KL2_15_gtr4,100.00%,100.00%;KL2_07_psaC,100.00%,100.00%;KL2_14_gtr3,100.00%,100.00%;KL2_09_psaE,100.00%,100.00%;KL2_02_wzb,100.00%,100.00%	?	0		0 / 21 (0.00%)		0			
3.2.2.dev25+g7f2e9ef87.d20260626	Acinetobacter_baumannii_K	0.0.1	GCF_006492395.1_ASM649239v1_genomic	KL40	K40	Typeable		99.99%	100.00%	0	19 / 19 (100.00%)	KL40_01_wzc,99.86%,100.00%;KL40_14_gdr,100.00%,100.00%;KL40_17_gpi,100.00%,100.00%;KL40_19_pgm,100.00%,100.00%;KL40_09_wzy_KL40,100.00%,100.00%;KL40_04_gna2,100.00%,100.00%;KL40_16_ugd,100.00%,100.00%;KL40_06_mnaB,100.00%,100.00%;KL40_07_wzx_KL40,100.00%,100.00%;KL40_10_gtr86,100.00%,100.00%;KL40_08_gtr85,100.00%,100.00%;KL40_05_mnaA,100.00%,100.00%;KL40_03_wza,100.00%,100.00%;KL40_12_itrB1,100.00%,100.00%;KL40_18_gne3,100.00%,100.00%;KL40_11_fnr2,100.00%,100.00%;KL40_15_galU,100.00%,100.00%;KL40_13_atr3,100.00%,100.00%;KL40_02_wzb,100.00%,100.00%	?	0		0 / 19 (0.00%)		0			
3.2.2.dev25+g7f2e9ef87.d20260626	Acinetobacter_baumannii_K	0.0.1	GCF_006492405.1_ASM649240v1_genomic	KL23	unknown	Untypeable	+-	98.93%	100.00%	3	17 / 21 (80.95%)	KL23_12_kpsS1,100.00%,100.00%;KL23_13_wzy_KL23,100.00%,100.00%;KL23_04_gna2,100.00%,100.00%;KL23_11_wzx_KL2,100.00%,100.00%;KL23_18_ugd,99.29%,100.00%;KL23_06_psaB,99.74%,100.00%;KL23_08_psaD,100.00%,100.00%;KL23_14_gtr46,100.00%,100.00%;KL23_10_psaF,100.00%,100.00%;KL23_03_wza,99.20%,100.00%;KL23_05_psaA,100.00%,100.00%;KL23_17_galU,100.00%,100.00%;KL23_15_gtr9,100.00%,100.00%;KL23_07_psaC,99.57%,100.00%;KL23_16_itrA2,99.52%,100.00%;KL23_09_psaE,100.00%,100.00%;KL23_02_wzb,100.00%,100.00%	?	4	KL213_01_wzc,100.00%,100.00%;KL218_19_gpi,100.00%,100.00%;KL196_16_pgm,99.34%,100.00%;KL238_22_gne1,100.00%,100.00%	0 / 21 (0.00%)		4	KL144_08_rmlB,90.88%,98.78%;KL114_11_rmlA,92.86%,98.99%;KL38_10_rmlD,82.55%,100.00%,below_id_threshold;KL85_11_rmlC,93.92%,98.73%		
3.2.2.dev25+g7f2e9ef87.d20260626	Acinetobacter_baumannii_K	0.0.1	GCF_006492425.1_ASM649242v1_genomic	KL125	K125	Untypeable	+-	99.99%	99.99%	-4	19 / 23 (82.61%)	KL125_01_wzc,100.00%,100.00%;KL125_18_gdr,100.00%,100.00%;KL125_10_wzy_KL125,100.00%,100.00%;KL125_04_gna2,100.00%,100.00%;KL125_20_ugd,100.00%,100.00%;KL125_06_mnaB,99.76%,100.00%;KL125_07_wzx_KL125,100.00%,100.00%;KL125_09_gtr199,100.00%,100.00%;KL125_03_wza,100.00%,100.00%;KL125_13_fnlC,100.00%,100.00%;KL125_12_fnlB,100.00%,100.00%;KL125_05_mnaA,100.00%,100.00%;KL125_11_fnlA,100.00%,100.00%;KL125_08_gtr198,100.00%,100.00%;KL125_16_itrB3,100.00%,100.00%;KL125_15_fnr1,100.00%,100.00%;KL125_19_galU,100.00%,100.00%;KL125_17_Atr7,100.00%,100.00%;KL125_02_wzb,100.00%,100.00%	?	4	KL217_26_gpi,100.00%,100.00%;KL217_28_pgm,100.00%,100.00%;KL217_19_gtr31,100.00%,100.00%;KL215_22_gne1,100.00%,100.00%	0 / 23 (0.00%)		0			
3.2.2.dev25+g7f2e9ef87.d20260626	Acinetobacter_baumannii_K	0.0.1	GCF_006492475.1_ASM649247v1_genomic	KL195	unknown	Typeable	+-	99.91%	96.28%	-977	21 / 23 (91.30%)	KL195_01_wzc,100.00%,100.00%;KL195_20_gpi,99.64%,100.00%;KL195_23_pgm,99.12%,100.00%;KL195_04_gna2,100.00%,100.00%;KL195_19_ugd,100.00%,100.00%;KL195_09_wzx_KL11,100.00%,100.00%;KL195_15_tle,100.00%,100.00%;KL195_12_gtr27,100.00%,100.00%;KL195_05_rmlB,100.00%,100.00%;KL195_11_wzy_KL11,99.72%,100.00%;KL195_16_gtr29,100.00%,100.00%;KL195_03_wza,99.68%,100.00%;KL195_06_rmlD,100.00%,100.00%;KL195_10_gtr26,100.00%,100.00%;KL195_07_rmlA,100.00%,100.00%;KL195_18_galU,100.00%,100.00%;KL195_13_gtr28,100.00%,100.00%;KL195_17_itrA3,100.00%,100.00%;KL195_14_atr6,100.00%,100.00%;KL195_08_rmlC,100.00%,100.00%;KL195_02_wzb,100.00%,100.00%	?	1	KL11_21_pgt1,99.84%,100.00%	0 / 23 (0.00%)		0			
3.2.2.dev25+g7f2e9ef87.d20260626	Acinetobacter_baumannii_K	0.0.1	GCF_006492495.1_ASM649249v1_genomic	KL42	K42	Untypeable	?+-!	98.71%	99.60%	n/a	15 / 20 (75.00%)	KL42_08_psaG,99.45%,100.00%;KL42_10_psaF,100.00%,100.00%;KL42_05_psaA,99.70%,100.00%;KL42_09_psaH,99.67%,100.00%;KL42_07_psaC,99.13%,100.00%;KL42_18_gpi,99.82%,100.00%;KL42_12_kpsS2,100.00%,100.00%;KL42_20_pgm,99.34%,100.00%;KL42_17_ugd,100.00%,100.00%;KL42_11_wzx_KL33,100.00%,92.42%,partial;KL42_19_gne1,100.00%,100.00%;KL42_13_wzy_KL42,100.00%,100.00%;KL42_16_galU,98.63%,100.00%;KL42_14_gtr5,99.28%,100.00%;KL42_15_itrA2,100.00%,100.00%	?	5	KL169_01_wzc,99.46%,100.00%;KL81_04_gna2,100.00%,100.00%;KL81_06_psaB,100.00%,100.00%;KL93_03_wza,100.00%,100.00%;KL225_02_wzb,100.00%,100.00%	0 / 20 (0.00%)		4	KL144_08_rmlB,90.88%,98.78%;KL114_11_rmlA,92.86%,98.99%;KL38_10_rmlD,82.55%,100.00%,below_id_threshold;KL85_11_rmlC,93.37%,98.73%	KL42_11_wzx_KL33,100.00%,92.42%,partial	
3.2.2.dev25+g7f2e9ef87.d20260626	Acinetobacter_baumannii_K	0.0.1	GCF_006492505.1_ASM649250v1_genomic	KL23	unknown	Typeable	+-	99.82%	100.00%	0	20 / 21 (95.24%)	KL23_01_wzc,99.59%,100.00%;KL23_19_gpi,99.46%,100.00%;KL23_12_kpsS1,100.00%,100.00%;KL23_13_wzy_KL23,100.00%,100.00%;KL23_04_gna2,100.00%,100.00%;KL23_18_ugd,100.00%,100.00%;KL23_11_wzx_KL2,100.00%,100.00%;KL23_06_psaB,99.74%,100.00%;KL23_03_wza,100.00%,100.00%;KL23_08_psaD,99.18%,100.00%;KL23_14_gtr46,100.00%,100.00%;KL23_10_psaF,100.00%,100.00%;KL23_05_psaA,100.00%,100.00%;KL23_20_gne1,98.82%,100.00%;KL23_17_galU,100.00%,100.00%;KL23_15_gtr9,100.00%,100.00%;KL23_07_psaC,100.00%,100.00%;KL23_16_itrA2,100.00%,100.00%;KL23_09_psaE,100.00%,100.00%;KL23_02_wzb,100.00%,100.00%	?	1	KL196_16_pgm,99.34%,100.00%	0 / 21 (0.00%)		0			
3.2.2.dev25+g7f2e9ef87.d20260626	Acinetobacter_baumannii_K	0.0.1	GCF_006492515.1_ASM649251v1_genomic	KL200	unknown	Typeable	+-	97.92%	91.52%	-1966	18 / 20 (90.00%)	KL200_01_wzc,99.45%,100.00%;KL200_17_gpi,99.28%,100.00%;KL200_20_pgm,98.90%,99.56%;KL200_16_ugd,99.52%,100.00%;KL200_05_wzx_KL32,98.10%,100.00%;KL200_04_gna2,99.29%,100.00%;KL200_11_ugd3,99.23%,100.00%;KL200_07_gtr68,98.38%,100.00%;KL200_08_wzy_KL32,98.09%,100.00%;KL200_03_wza,98.66%,100.00%;KL200_18_gne1,98.50%,98.14%;KL200_06_gtr67,97.70%,100.00%;KL200_13_orf_KL32,98.61%,100.00%;KL200_15_galU,98.63%,100.00%;KL200_10_gtr70,99.22%,100.00%;KL200_09_gtr69,98.05%,100.00%;KL200_14_itrA2,99.10%,100.00%;KL200_02_wzb,97.90%,100.00%	?	1	KL100_12_atr9,100.00%,100.00%	0 / 20 (0.00%)		4	KL144_08_rmlB,90.88%,98.78%;KL114_11_rmlA,92.86%,98.99%;KL38_10_rmlD,82.55%,100.00%,below_id_threshold;KL85_11_rmlC,93.92%,98.73%		
3.2.2.dev25+g7f2e9ef87.d20260626	Acinetobacter_baumannii_K	0.0.1	GCF_006492525.1_ASM649252v1_genomic	KL18	unknown	Untypeable	+-	99.91%	100.00%	4	16 / 19 (84.21%)	KL18_01_wzc,100.00%,100.00%;KL18_14_gdr,100.00%,100.00%;KL18_09_wzy_KL17,100.00%,100.00%;KL18_04_gna1,100.00%,100.00%;KL18_06_wzx_KL17,100.00%,100.00%;KL18_16_ugd,99.29%,100.00%;KL18_10_gtr40,100.00%,100.00%;KL18_13_qhbB,100.00%,100.00%;KL18_03_wza,100.00%,100.00%;KL18_08_gtr39,100.00%,100.00%;KL18_05_gne2,100.00%,100.00%;KL18_07_alt1,100.00%,100.00%;KL18_15_galU,99.25%,100.00%;KL18_12_qhbC,100.00%,100.00%;KL18_11_itrA1,100.00%,100.00%;KL18_02_wzb,100.00%,100.00%	?	3	KL40_17_gpi,100.00%,100.00%;KL125_23_pgm,99.78%,100.00%;KL191_21_gne1,100.00%,100.00%	0 / 19 (0.00%)		0			
3.2.2.dev25+g7f2e9ef87.d20260626	Acinetobacter_baumannii_K	0.0.1	GCF_006492575.1_ASM649257v1_genomic	KL13	K13	Untypeable	+-	99.80%	100.00%	280	29 / 31 (93.55%)	KL13_01_wzc,99.86%,100.00%;KL13_26_gdr,100.00%,100.00%;KL13_29_gpi,100.00%,100.00%;KL13_15_gtr59,99.62%,100.00%;KL13_31_pgm,100.00%,100.00%;KL13_04_gna2,100.00%,100.00%;KL13_28_ugd,100.00%,100.00%;KL13_05_lgaA,100.00%,100.00%;KL13_22_gtr31,99.50%,100.00%;KL13_16_wzx_KL12,97.76%,99.83%;KL13_06_lgaB,99.74%,100.00%;KL13_07_lgaC,100.00%,100.00%;KL13_03_wza,99.73%,100.00%;KL13_20_fnlB,100.00%,100.00%;KL13_21_fnlC,100.00%,100.00%;KL13_18_gtr30,99.47%,100.00%;KL13_08_lgaD,100.00%,100.00%;KL13_19_fnlA,99.71%,100.00%;KL13_30_gne1,100.00%,100.00%;KL13_24_itrB3,100.00%,100.00%;KL13_23_fnr1,99.37%,100.00%;KL13_10_lgaF,100.00%,100.00%;KL13_27_galU,100.00%,100.00%;KL13_14_aciD,100.00%,100.00%;KL13_12_aciB,100.00%,100.00%;KL13_11_aciA,100.00%,100.00%;KL13_09_lgaE,100.00%,100.00%;KL13_25_atr7,100.00%,100.00%;KL13_02_wzb,99.32%,100.00%	?	2	KL212_17_wzy_KL12,100.00%,100.00%;KL241_14_aciC,99.67%,100.00%	0 / 31 (0.00%)		0			
3.2.2.dev25+g7f2e9ef87.d20260626	Acinetobacter_baumannii_K	0.0.1	GCF_006492585.1_ASM649258v1_genomic	KL45	K45	Typeable		99.35%	100.00%	1	17 / 17 (100.00%)	KL45_01_wzc,100.00%,100.00%;KL45_16_pgt1,99.51%,100.00%;KL45_14_gpi,100.00%,100.00%;KL45_08_wzy_KL45,100.00%,100.00%;KL45_05_wzx_KL45,99.77%,100.00%;KL45_04_gna2,100.00%,100.00%;KL45_13_ugd,100.00%,100.00%;KL45_17_pgm,99.34%,100.00%;KL45_10_gtr50,100.00%,100.00%;KL45_09_gtr93,99.73%,100.00%;KL45_03_wza,99.73%,100.00%;KL45_15_gne1,100.00%,100.00%;KL45_07_atr13,90.85%,100.00%;KL45_12_galU,100.00%,100.00%;KL45_06_gtr89,100.00%,100.00%;KL45_11_itrA3,100.00%,100.00%;KL45_02_wzb,100.00%,100.00%	?	0		0 / 17 (0.00%)		0			
3.2.2.dev25+g7f2e9ef87.d20260626	Acinetobacter_baumannii_K	0.0.1	GCF_006492615.1_ASM649261v1_genomic	KL14	K14	Untypeable	+-	98.67%	100.00%	0	15 / 17 (88.24%)	KL14_01_wzc,100.00%,100.00%;KL14_16_pgt1,99.84%,100.00%;KL14_14_gpi,99.46%,100.00%;KL14_07_wzy_KL14,100.00%,100.00%;KL14_17_pgm,99.78%,100.00%;KL14_05_wzx_KL14,100.00%,100.00%;KL14_04_gna2,100.00%,100.00%;KL14_03_wza,100.00%,100.00%;KL14_15_gne1,98.82%,100.00%;KL14_06_gtr32,100.00%,100.00%;KL14_08_gtr33,98.41%,100.00%;KL14_12_galU,100.00%,100.00%;KL14_10_gtr5,99.64%,100.00%;KL14_11_itrA2,100.00%,100.00%;KL14_02_wzb,100.00%,100.00%	?	2	KL205_18_ugd,100.00%,100.00%;KL95_14_gtr25,99.71%,100.00%	0 / 17 (0.00%)		4	KL144_08_rmlB,90.88%,98.78%;KL114_11_rmlA,92.86%,98.99%;KL38_10_rmlD,82.55%,100.00%,below_id_threshold;KL85_11_rmlC,93.92%,98.73%		
3.2.2.dev25+g7f2e9ef87.d20260626	Acinetobacter_baumannii_K	0.0.1	GCF_006492625.1_ASM649262v1_genomic	KL22	K3-v1	Typeable	?!	99.97%	100.00%	n/a	23 / 23 (100.00%)	KL22_01_wzc,100.00%,100.00%;KL22_08_wzx_KL3,100.00%,100.00%;KL22_04_gna3,100.00%,100.00%;KL22_03_wza,100.00%,100.00%;KL22_07_dgaC,100.00%,100.00%;KL22_10_gtr6,100.00%,87.71%,truncated;KL22_05_dgaA,100.00%,100.00%;KL22_06_dgaB,100.00%,100.00%;KL22_09_atr2,100.00%,100.00%;KL22_02_wzb,99.30%,100.00%;KL22_21_pgm,100.00%,92.27%;KL22_20_pgt1,100.00%,100.00%;KL22_18_gpi,100.00%,100.00%;KL22_17_ugd,100.00%,100.00%;KL22_11_gtr7,100.00%,100.00%;KL22_12_wzy_KL3,100.00%,100.00%;KL22_13_gtr8,100.00%,100.00%;KL22_19_gne1,100.00%,100.00%;KL22_16_galU,100.00%,100.00%;KL22_14_gtr9,100.00%,100.00%;KL22_15_itrA2,100.00%,100.00%;KL22_10_gtr6,100.00%,13.06%,truncated;KL22_21_pgm,100.00%,8.24%,partial	?	0		0 / 23 (0.00%)		0		KL22_10_gtr6,100.00%,87.71%,truncated;KL22_10_gtr6,100.00%,13.06%,truncated;KL22_21_pgm,100.00%,8.24%,partial	
3.2.2.dev25+g7f2e9ef87.d20260626	Acinetobacter_baumannii_K	0.0.1	GCF_006492635.1_ASM649263v1_genomic	KL37	K37	Untypeable	+-	99.65%	100.00%	0	15 / 17 (88.24%)	KL37_01_wzc,97.81%,100.00%;KL37_16_pgt1,99.84%,100.00%;KL37_14_gpi,99.82%,100.00%;KL37_17_pgm,99.78%,100.00%;KL37_05_wzx_KL14,100.00%,100.00%;KL37_04_gna2,100.00%,100.00%;KL37_03_wza,100.00%,100.00%;KL37_09_gtr77,100.00%,100.00%;KL37_07_gtr76,100.00%,100.00%;KL37_08_wzy_KL37,100.00%,100.00%;KL37_15_gne1,98.53%,100.00%;KL37_06_gtr75,100.00%,100.00%;KL37_10_gtr9,100.00%,100.00%;KL37_11_itrA2,99.03%,100.00%;KL37_02_wzb,100.00%,100.00%	?	2	KL30_13_ugd,100.00%,100.00%;KL30_12_galU,99.32%,100.00%	0 / 17 (0.00%)		0			
3.2.2.dev25+g7f2e9ef87.d20260626	Acinetobacter_baumannii_K	0.0.1	GCF_006492675.1_ASM649267v1_genomic	KL149	unknown	Untypeable	+-	99.72%	92.68%	-1966	18 / 22 (81.82%)	KL149_01_wzc,98.77%,100.00%;KL149_22_pgm,98.90%,99.56%;KL149_04_gna1,100.00%,100.00%;KL149_06_wzx_KL9,100.00%,100.00%;KL149_08_gtr21,99.75%,100.00%;KL149_09_gtr22,100.00%,100.00%;KL149_03_wza,100.00%,100.00%;KL149_12_fnlC,100.00%,100.00%;KL149_11_fnlB,100.00%,100.00%;KL149_10_fnlA,100.00%,100.00%;KL149_13_gtr20,100.00%,100.00%;KL149_05_gne2,100.00%,100.00%;KL149_20_gne1,100.00%,98.14%;KL149_07_wzy_KL9,100.00%,100.00%;KL149_15_itrB2,100.00%,100.00%;KL149_14_qnr3,99.04%,100.00%;KL149_16_itrA3,100.00%,100.00%;KL149_02_wzb,100.00%,100.00%	?	3	KL42_18_gpi,99.46%,100.00%;KL159_17_ugd,98.12%,99.61%;KL109_17_galU,100.00%,100.00%	0 / 22 (0.00%)		0			
3.2.2.dev25+g7f2e9ef87.d20260626	Acinetobacter_baumannii_K	0.0.1	GCF_006492685.1_ASM649268v1_genomic	KL69	unknown	Typeable		100.00%	100.00%	0	24 / 24 (100.00%)	KL69_01_wzc,100.00%,100.00%;KL69_23_pgt1,100.00%,100.00%;KL69_21_gpi,100.00%,100.00%;KL69_24_pgm,100.00%,100.00%;KL69_04_gna2,100.00%,100.00%;KL69_20_ugd,100.00%,100.00%;KL69_11_wzx_KL10,100.00%,100.00%;KL69_03_wza,100.00%,100.00%;KL69_10_fdtB,100.00%,100.00%;KL69_13_gtr143,100.00%,100.00%;KL69_14_wzy_KL69,100.00%,100.00%;KL69_05_rmlB,100.00%,100.00%;KL69_16_gtr77,100.00%,100.00%;KL69_22_gne1,100.00%,100.00%;KL69_15_gtr144,100.00%,100.00%;KL69_19_galU,100.00%,100.00%;KL69_06_rmlA,100.00%,100.00%;KL69_12_gtr142,100.00%,100.00%;KL69_17_gtr9,100.00%,100.00%;KL69_18_itrA2,100.00%,100.00%;KL69_08_fdtC,100.00%,100.00%;KL69_02_wzb,100.00%,100.00%;KL69_09_fdtD,100.00%,100.00%;KL69_07_fdtA,100.00%,100.00%	?	0		0 / 24 (0.00%)		0			
3.2.2.dev25+g7f2e9ef87.d20260626	Acinetobacter_baumannii_K	0.0.1	GCF_006492705.1_ASM649270v1_genomic	KL19	K19-Wzy/Atr25-GI1	Typeable		99.30%	100.00%	0	17 / 17 (100.00%)	KL19_01_wzc,100.00%,100.00%;KL19_12_gdr,100.00%,100.00%;KL19_15_gpi,100.00%,100.00%;KL19_17_pgm,100.00%,100.00%;KL19_04_gna1,100.00%,100.00%;KL19_14_ugd,100.00%,100.00%;KL19_06_wzx_KL19,100.00%,100.00%;KL19_11_qhbB,100.00%,100.00%;KL19_08_gtr2,100.00%,100.00%;KL19_03_wza,100.00%,100.00%;KL19_07_gtr41,100.00%,100.00%;KL19_05_gne2,100.00%,100.00%;KL19_16_gne1,100.00%,100.00%;KL19_13_galU,100.00%,100.00%;KL19_10_qhbC,99.55%,100.00%;KL19_09_itrA1,100.00%,100.00%;KL19_02_wzb,100.00%,100.00%	?	0		0 / 17 (0.00%)		0			wzy-GI1,100.00%,100.00%;atr25-GI,87.14%,100.00%
3.2.2.dev25+g7f2e9ef87.d20260626	Acinetobacter_baumannii_K	0.0.1	GCF_006492715.1_ASM649271v1_genomic	KL50	unknown	Typeable	+-	99.07%	100.00%	0	20 / 21 (95.24%)	KL50_01_wzc,100.00%,100.00%;KL50_18_gpi,100.00%,100.00%;KL50_08_wzx_KL50,100.00%,100.00%;KL50_21_pgm,100.00%,100.00%;KL50_04_gna3,100.00%,100.00%;KL50_17_ugd,100.00%,100.00%;KL50_11_gtr101,100.00%,100.00%;KL50_12_wzy_KL50,100.00%,100.00%;KL50_03_wza,100.00%,100.00%;KL50_07_dgaC,100.00%,100.00%;KL50_10_dmaA1,100.00%,100.00%;KL50_20_atr15,100.00%,100.00%;KL50_13_gtr102,100.00%,100.00%;KL50_19_gne1,100.00%,100.00%;KL50_05_dgaA,100.00%,100.00%;KL50_16_galU,100.00%,100.00%;KL50_14_gtr5,100.00%,100.00%;KL50_09_atr14,100.00%,100.00%;KL50_06_dgaB,100.00%,100.00%;KL50_02_wzb,100.00%,100.00%	?	1	KL150_15_itrA2,100.00%,100.00%	0 / 21 (0.00%)		4	KL144_08_rmlB,90.88%,98.78%;KL114_11_rmlA,92.86%,98.99%;KL38_10_rmlD,82.55%,100.00%,below_id_threshold;KL85_11_rmlC,93.92%,98.73%		
3.2.2.dev25+g7f2e9ef87.d20260626	Acinetobacter_baumannii_K	0.0.1	GCF_006492735.1_ASM649273v1_genomic	KL125	K125	Untypeable	+-	99.90%	99.97%	-8	13 / 23 (56.52%)	KL125_01_wzc,100.00%,100.00%;KL125_10_wzy_KL125,99.77%,100.00%;KL125_06_mnaB,99.76%,100.00%;KL125_04_gna2,100.00%,100.00%;KL125_07_wzx_KL125,100.00%,100.00%;KL125_09_gtr199,100.00%,100.00%;KL125_03_wza,100.00%,100.00%;KL125_12_fnlB,100.00%,100.00%;KL125_05_mnaA,100.00%,100.00%;KL125_11_fnlA,100.00%,100.00%;KL125_08_gtr198,100.00%,100.00%;KL125_22_gne1,99.41%,100.00%;KL125_02_wzb,100.00%,100.00%	?	10	KL241_27_gdr,99.84%,100.00%;KL12_29_gpi,100.00%,100.00%;KL12_31_pgm,100.00%,100.00%;KL241_29_ugd,100.00%,100.00%;KL13_22_gtr31,100.00%,100.00%;KL241_22_fnlC,98.94%,100.00%;KL241_25_itrB3,100.00%,100.00%;KL13_23_fnr1,100.00%,100.00%;KL241_28_galU,100.00%,100.00%;KL73_25_atr7,100.00%,100.00%	0 / 23 (0.00%)		0			
3.2.2.dev25+g7f2e9ef87.d20260626	Acinetobacter_baumannii_K	0.0.1	GCF_006492775.1_ASM649277v1_genomic	KL2	K2	Typeable		98.79%	100.00%	-1	21 / 21 (100.00%)	KL2_01_wzc,100.00%,100.00%;KL2_20_gpi,98.92%,100.00%;KL2_12_kpsS1,100.00%,100.00%;KL2_22_pgm,99.12%,100.00%;KL2_04_gna2,100.00%,100.00%;KL2_11_wzx_KL2,100.00%,100.00%;KL2_19_ugd,99.29%,100.00%;KL2_06_psaB,100.00%,100.00%;KL2_08_psaD,100.00%,100.00%;KL2_03_wza,98.39%,100.00%;KL2_10_psaF,100.00%,100.00%;KL2_05_psaA,99.40%,100.00%;KL2_21_gne1,99.41%,99.90%;KL2_13_wzy_KL2,99.69%,100.00%;KL2_18_galU,100.00%,100.00%;KL2_16_gtr5,100.00%,100.00%;KL2_15_gtr4,100.00%,100.00%;KL2_07_psaC,99.57%,100.00%;KL2_14_gtr3,99.51%,100.00%;KL2_09_psaE,100.00%,100.00%;KL2_02_wzb,100.00%,100.00%	?	0		0 / 21 (0.00%)		4	KL144_08_rmlB,90.88%,98.78%;KL114_11_rmlA,92.86%,98.99%;KL38_10_rmlD,82.55%,100.00%,below_id_threshold;KL85_11_rmlC,93.92%,98.73%		
3.2.2.dev25+g7f2e9ef87.d20260626	Acinetobacter_baumannii_K	0.0.1	GCF_006492785.1_ASM649278v1_genomic	KL2	K2	Typeable		98.89%	100.00%	0	21 / 21 (100.00%)	KL2_01_wzc,99.31%,100.00%;KL2_20_gpi,99.28%,100.00%;KL2_12_kpsS1,100.00%,100.00%;KL2_22_pgm,100.00%,100.00%;KL2_04_gna2,100.00%,100.00%;KL2_19_ugd,99.76%,100.00%;KL2_11_wzx_KL2,100.00%,100.00%;KL2_06_psaB,100.00%,100.00%;KL2_03_wza,99.73%,100.00%;KL2_08_psaD,100.00%,100.00%;KL2_10_psaF,100.00%,100.00%;KL2_05_psaA,99.40%,100.00%;KL2_18_galU,100.00%,100.00%;KL2_13_wzy_KL2,99.69%,100.00%;KL2_21_gne1,99.12%,100.00%;KL2_16_gtr5,100.00%,100.00%;KL2_15_gtr4,100.00%,100.00%;KL2_07_psaC,100.00%,100.00%;KL2_14_gtr3,99.51%,100.00%;KL2_09_psaE,100.00%,100.00%;KL2_02_wzb,100.00%,100.00%	?	0		0 / 21 (0.00%)		4	KL144_08_rmlB,90.88%,98.78%;KL114_11_rmlA,92.86%,98.99%;KL38_10_rmlD,82.55%,100.00%,below_id_threshold;KL85_11_rmlC,93.92%,98.73%		
3.2.2.dev25+g7f2e9ef87.d20260626	Acinetobacter_baumannii_K	0.0.1	GCF_006492795.1_ASM649279v1_genomic	KL18	unknown	Typeable		99.80%	100.00%	-1	19 / 19 (100.00%)	KL18_01_wzc,100.00%,100.00%;KL18_14_gdr,100.00%,100.00%;KL18_17_gpi,98.56%,100.00%;KL18_09_wzy_KL17,99.54%,100.00%;KL18_19_pgm,99.34%,100.00%;KL18_04_gna1,100.00%,100.00%;KL18_06_wzx_KL17,100.00%,100.00%;KL18_16_ugd,99.52%,100.00%;KL18_13_qhbB,100.00%,100.00%;KL18_10_gtr40,99.75%,100.00%;KL18_03_wza,100.00%,100.00%;KL18_08_gtr39,100.00%,100.00%;KL18_05_gne2,100.00%,100.00%;KL18_18_gne1,100.00%,100.00%;KL18_07_alt1,100.00%,100.00%;KL18_15_galU,100.00%,100.00%;KL18_12_qhbC,100.00%,100.00%;KL18_11_itrA1,99.51%,100.00%;KL18_02_wzb,100.00%,100.00%	?	0		0 / 19 (0.00%)		0			
3.2.2.dev25+g7f2e9ef87.d20260626	Acinetobacter_baumannii_K	0.0.1	GCF_006492805.1_ASM649280v1_genomic	KL234	unknown	Untypeable	+-	99.85%	95.89%	-1513	24 / 31 (77.42%)	KL234_26_gdr,100.00%,100.00%;KL234_29_gpi,100.00%,100.00%;KL234_16_gtr59,99.62%,100.00%;KL234_31_pgm,98.91%,100.00%;KL234_28_ugd,100.00%,100.00%;KL234_22_gtr31,100.00%,100.00%;KL234_17_wzx_KL12,97.76%,99.83%;KL234_06_lgaA,99.75%,100.00%;KL234_21_fnlC,100.00%,100.00%;KL234_20_fnlB,100.00%,100.00%;KL234_18_gtr30,99.73%,100.00%;KL234_09_lgaD,100.00%,100.00%;KL234_08_lgaC,99.48%,100.00%;KL234_11_lgaF,100.00%,100.00%;KL234_19_fnlA,100.00%,100.00%;KL234_24_itrB3,100.00%,100.00%;KL234_23_fnr1,100.00%,100.00%;KL234_14_aciC,100.00%,100.00%;KL234_27_galU,100.00%,100.00%;KL234_15_aciD,100.00%,100.00%;KL234_13_aciB,100.00%,100.00%;KL234_12_aciA,100.00%,100.00%;KL234_10_lgaE,100.00%,100.00%;KL234_25_atr7,100.00%,100.00%	?	7	KL212_01_wzc,100.00%,100.00%;KL75_04_gna2,100.00%,100.00%;KL212_06_lgaB,100.00%,100.00%;KL75_03_wza,100.00%,100.00%;KL13_17_wzy_KL13,100.00%,100.00%;KL212_29_gne1,100.00%,100.00%;KL97_02_wzb,100.00%,100.00%	0 / 31 (0.00%)		0			
3.2.2.dev25+g7f2e9ef87.d20260626	Acinetobacter_baumannii_K	0.0.1	GCF_006492855.1_ASM649285v1_genomic	KL136	unknown	Typeable		100.00%	100.00%	0	27 / 27 (100.00%)	KL136_01_wzc,100.00%,100.00%;KL136_25_gpi,100.00%,100.00%;KL136_27_pgm,100.00%,100.00%;KL136_14_wzy_KL78,100.00%,100.00%;KL136_04_gna2,100.00%,100.00%;KL136_24_ugd,100.00%,100.00%;KL136_12_wzx_KL8,100.00%,100.00%;KL136_05_lgaA,100.00%,100.00%;KL136_07_lgaC,100.00%,100.00%;KL136_06_lgaB,100.00%,100.00%;KL136_15_gtr19,100.00%,100.00%;KL136_03_wza,100.00%,100.00%;KL136_18_fnlC,100.00%,100.00%;KL136_17_fnlB,100.00%,100.00%;KL136_08_lgaH,100.00%,100.00%;KL136_19_gtr20,100.00%,100.00%;KL136_16_fnlA,100.00%,100.00%;KL136_26_gne1,100.00%,100.00%;KL136_21_itrB2,100.00%,100.00%;KL136_13_gtr209,100.00%,100.00%;KL136_20_qnr3,100.00%,100.00%;KL136_23_galU,100.00%,100.00%;KL136_10_lgaF,100.00%,100.00%;KL136_11_lgaG,100.00%,100.00%;KL136_09_lgaI,100.00%,100.00%;KL136_22_itrA3,100.00%,100.00%;KL136_02_wzb,100.00%,100.00%	?	0		0 / 27 (0.00%)		0			
3.2.2.dev25+g7f2e9ef87.d20260626	Acinetobacter_baumannii_K	0.0.1	GCF_006492865.1_ASM649286v1_genomic	KL81	K2	Typeable	+-	99.79%	92.48%	-1967	21 / 23 (91.30%)	KL81_01_wzc,100.00%,100.00%;KL81_20_gpi,99.10%,100.00%;KL81_12_kpsS1,100.00%,100.00%;KL81_04_gna2,99.53%,100.00%;KL81_19_ugd,99.76%,100.00%;KL81_11_wzx_KL2,100.00%,100.00%;KL81_06_psaB,100.00%,100.00%;KL81_03_wza,100.00%,100.00%;KL81_08_psaD,100.00%,100.00%;KL81_10_psaF,100.00%,100.00%;KL81_05_psaA,100.00%,100.00%;KL81_21_gne1,99.40%,98.14%;KL81_13_wzy_KL2,100.00%,100.00%;KL81_16_gtr5,100.00%,100.00%;KL81_15_gtr4,100.00%,100.00%;KL81_18_galU,100.00%,100.00%;KL81_07_psaC,100.00%,100.00%;KL81_14_gtr3,100.00%,100.00%;KL81_09_psaE,100.00%,100.00%;KL81_17_itrA2,98.07%,100.00%;KL81_02_wzb,100.00%,100.00%	?	1	KL6_21_pgm,99.56%,100.00%	0 / 23 (0.00%)		0			
3.2.2.dev25+g7f2e9ef87.d20260626	Acinetobacter_baumannii_K	0.0.1	GCF_006492885.1_ASM649288v1_genomic	KL168	unknown	Untypeable	+-	98.65%	95.72%	-1113	15 / 23 (65.22%)	KL168_01_wzc,94.79%,100.00%;KL168_04_gna1,100.00%,100.00%;KL168_06_wzx_KL9,100.00%,100.00%;KL168_18_ugd,99.29%,100.00%;KL168_08_gtr21,99.75%,100.00%;KL168_09_gtr22,100.00%,100.00%;KL168_12_fnlC,100.00%,100.00%;KL168_11_fnlB,99.73%,100.00%;KL168_10_fnlA,100.00%,100.00%;KL168_13_gtr20,100.00%,100.00%;KL168_05_gne2,99.71%,100.00%;KL168_15_itrB2,98.52%,100.00%;KL168_07_wzy_KL9,100.00%,100.00%;KL168_14_qnr3,99.04%,100.00%;KL168_16_itrA3,100.00%,100.00%	?	6	KL72_20_gpi,100.00%,100.00%;KL107_19_pgm,99.78%,100.00%;KL56_03_wza,100.00%,100.00%;KL72_21_gne1,100.00%,100.00%;KL72_18_galU,100.00%,100.00%;KL2_02_wzb,100.00%,100.00%	0 / 23 (0.00%)		4	KL144_08_rmlB,90.88%,98.78%;KL114_11_rmlA,92.86%,98.99%;KL38_10_rmlD,82.55%,100.00%,below_id_threshold;KL85_11_rmlC,93.37%,98.73%		
3.2.2.dev25+g7f2e9ef87.d20260626	Acinetobacter_baumannii_K	0.0.1	GCF_006492905.1_ASM649290v1_genomic	KL150	unknown	Typeable	+	99.00%	100.00%	0	19 / 19 (100.00%)	KL150_01_wzc,100.00%,100.00%;KL150_18_gpi,100.00%,100.00%;KL150_08_wzx_KL50,100.00%,100.00%;KL150_20_pgm,100.00%,100.00%;KL150_04_gna3,100.00%,100.00%;KL150_17_ugd,100.00%,100.00%;KL150_12_wzy_KL50,100.00%,100.00%;KL150_11_gtr101,100.00%,100.00%;KL150_03_wza,100.00%,100.00%;KL150_07_dgaC,100.00%,100.00%;KL150_10_dmaA1,100.00%,100.00%;KL150_13_gtr102,100.00%,100.00%;KL150_19_gne1,100.00%,100.00%;KL150_05_dgaA,100.00%,100.00%;KL150_16_galU,100.00%,100.00%;KL150_14_gtr5,100.00%,100.00%;KL150_15_itrA2,100.00%,100.00%;KL150_06_dgaB,100.00%,100.00%;KL150_02_wzb,100.00%,100.00%	?	1	KL50_09_atr14,100.00%,100.00%	0 / 19 (0.00%)		4	KL144_08_rmlB,90.88%,98.78%;KL114_11_rmlA,92.86%,98.99%;KL38_10_rmlD,82.55%,100.00%,below_id_threshold;KL85_11_rmlC,93.37%,98.73%		
3.2.2.dev25+g7f2e9ef87.d20260626	Acinetobacter_baumannii_K	0.0.1	GCF_006492925.1_ASM649292v1_genomic	KL52	K52	Typeable		100.00%	100.00%	0	17 / 17 (100.00%)	KL52_01_wzc,100.00%,100.00%;KL52_16_pgt1,100.00%,100.00%;KL52_14_gpi,100.00%,100.00%;KL52_17_pgm,100.00%,100.00%;KL52_04_gna2,100.00%,100.00%;KL52_13_ugd,100.00%,100.00%;KL52_06_wzx_KL52,100.00%,100.00%;KL52_03_wza,100.00%,100.00%;KL52_05_mnaA3,100.00%,100.00%;KL52_09_gtr108,100.00%,100.00%;KL52_08_wzy_KL52,100.00%,100.00%;KL52_15_gne1,100.00%,100.00%;KL52_07_gtr107,100.00%,100.00%;KL52_10_gtr5,100.00%,100.00%;KL52_12_galU,100.00%,100.00%;KL52_11_itrA2,100.00%,100.00%;KL52_02_wzb,100.00%,100.00%	?	0		0 / 17 (0.00%)		0			
3.2.2.dev25+g7f2e9ef87.d20260626	Acinetobacter_baumannii_K	0.0.1	GCF_006492945.1_ASM649294v1_genomic	KL95	K95	Untypeable	?+-	98.83%	96.66%	n/a	13 / 22 (59.09%)	KL95_05_rmlB,96.03%,100.00%;KL95_08_qdtB,97.17%,95.07%;KL95_07_qdtE,97.19%,100.00%;KL95_06_rmlA,98.97%,100.00%;KL95_22_pgm,99.34%,100.00%;KL95_18_ugd,98.34%,100.00%;KL95_03_wza,100.00%,100.00%;KL95_14_gtr25,97.10%,100.00%;KL95_20_gne1,98.53%,100.00%;KL95_15_gtr5,98.19%,100.00%;KL95_17_galU,98.63%,100.00%;KL95_16_itrA2,98.55%,100.00%;KL95_02_wzb,100.00%,100.00%	?	8	KL116_01_wzc,98.91%,100.00%;KL127_16_pgt1,100.00%,100.00%;KL128_14_gpi,100.00%,100.00%;KL14_07_wzy_KL14,100.00%,100.00%;KL14_05_wzx_KL14,99.30%,100.00%;KL116_04_gna2,99.77%,100.00%;KL14_08_gtr33,100.00%,100.00%;KL134_06_gtr32,99.37%,100.00%	0 / 22 (0.00%)		0			
3.2.2.dev25+g7f2e9ef87.d20260626	Acinetobacter_baumannii_K	0.0.1	GCF_006492965.1_ASM649296v1_genomic	KL42	K42	Typeable	+-	98.98%	100.00%	0	19 / 20 (95.00%)	KL42_01_wzc,98.90%,100.00%;KL42_18_gpi,100.00%,100.00%;KL42_12_kpsS2,100.00%,100.00%;KL42_04_gna2,100.00%,100.00%;KL42_17_ugd,100.00%,100.00%;KL42_11_wzx_KL33,100.00%,100.00%;KL42_06_psaB,100.00%,100.00%;KL42_03_wza,100.00%,100.00%;KL42_08_psaG,100.00%,100.00%;KL42_10_psaF,100.00%,100.00%;KL42_19_gne1,100.00%,100.00%;KL42_05_psaA,100.00%,100.00%;KL42_13_wzy_KL42,100.00%,100.00%;KL42_09_psaH,100.00%,100.00%;KL42_16_galU,100.00%,100.00%;KL42_14_gtr5,100.00%,100.00%;KL42_07_psaC,100.00%,100.00%;KL42_15_itrA2,100.00%,100.00%;KL42_02_wzb,100.00%,100.00%	?	1	KL163_23_pgm,100.00%,99.56%	0 / 20 (0.00%)		4	KL144_08_rmlB,90.88%,98.78%;KL114_11_rmlA,92.86%,98.99%;KL38_10_rmlD,82.55%,100.00%,below_id_threshold;KL85_11_rmlC,93.92%,98.73%		
3.2.2.dev25+g7f2e9ef87.d20260626	Acinetobacter_baumannii_K	0.0.1	GCF_006492985.1_ASM649298v1_genomic	KL116	K116	Untypeable	+-	98.50%	100.00%	0	11 / 17 (64.71%)	KL116_01_wzc,98.50%,100.00%;KL116_16_pgt1,97.55%,99.67%;KL116_05_wzx_KL14,99.77%,100.00%;KL116_04_gna2,99.53%,100.00%;KL116_08_wzy_KL37,100.00%,100.00%;KL116_09_gtr25,100.00%,100.00%;KL116_07_gtr76,100.00%,100.00%;KL116_06_gtr75,100.00%,100.00%;KL116_15_gne1,98.53%,100.00%;KL116_10_gtr5,99.64%,100.00%;KL116_11_itrA2,100.00%,100.00%	?	6	KL176_14_gpi,100.00%,100.00%;KL52_17_pgm,100.00%,100.00%;KL176_13_ugd,99.76%,100.00%;KL10_03_wza,99.75%,100.00%;KL176_12_galU,99.32%,100.00%;KL69_02_wzb,100.00%,100.00%	0 / 17 (0.00%)		4	KL144_08_rmlB,90.88%,98.78%;KL114_11_rmlA,92.86%,98.99%;KL38_10_rmlD,82.55%,100.00%,below_id_threshold;KL85_11_rmlC,93.92%,98.73%		
3.2.2.dev25+g7f2e9ef87.d20260626	Acinetobacter_baumannii_K	0.0.1	GCF_006493005.1_ASM649300v1_genomic	KL158	unknown	Typeable		100.00%	100.00%	0	20 / 20 (100.00%)	KL158_01_wzc,100.00%,100.00%;KL158_19_pgt1,100.00%,100.00%;KL158_18_gpi,100.00%,100.00%;KL158_20_pgm,100.00%,100.00%;KL158_04_gna2,100.00%,100.00%;KL158_17_ugd,100.00%,100.00%;KL158_09_wzx_KL158,100.00%,100.00%;KL158_03_wza,100.00%,100.00%;KL158_12_wzy_KL158,100.00%,100.00%;KL158_11_gtr234,100.00%,100.00%;KL158_05_rmlB,100.00%,100.00%;KL158_10_gtr233,100.00%,100.00%;KL158_06_rmlD,100.00%,100.00%;KL158_07_rmlA,100.00%,100.00%;KL158_13_gtr235,100.00%,100.00%;KL158_16_galU,100.00%,100.00%;KL158_14_gtr157,100.00%,100.00%;KL158_15_itrA3,100.00%,100.00%;KL158_08_rmlC,100.00%,100.00%;KL158_02_wzb,100.00%,100.00%	?	0		0 / 20 (0.00%)		0			
3.2.2.dev25+g7f2e9ef87.d20260626	Acinetobacter_baumannii_K	0.0.1	GCF_006493035.1_ASM649303v1_genomic	KL81	K2	Untypeable	?*	99.05%	99.47%	n/a	23 / 23 (100.00%)	KL81_22_pgt1,100.00%,100.00%;KL81_23_pgm,100.00%,100.00%;KL81_01_wzc,100.00%,100.00%;KL81_20_gpi,100.00%,100.00%;KL81_12_kpsS1,100.00%,100.00%;KL81_04_gna2,100.00%,100.00%;KL81_19_ugd,99.76%,100.00%;KL81_11_wzx_KL2,100.00%,100.00%;KL81_06_psaB,100.00%,100.00%;KL81_03_wza,100.00%,100.00%;KL81_08_psaD,100.00%,100.00%;KL81_10_psaF,100.00%,100.00%;KL81_21_gne1,100.00%,100.00%;KL81_05_psaA,100.00%,100.00%;KL81_13_wzy_KL2,100.00%,100.00%;KL81_18_galU,100.00%,100.00%;KL81_16_gtr5,100.00%,100.00%;KL81_15_gtr4,100.00%,100.00%;KL81_07_psaC,100.00%,100.00%;KL81_17_itrA2,100.00%,100.00%;KL81_14_gtr3,81.58%,100.00%,below_id_threshold;KL81_09_psaE,100.00%,100.00%;KL81_02_wzb,100.00%,100.00%	?	0		0 / 23 (0.00%)		4	KL144_08_rmlB,90.88%,98.78%;KL114_11_rmlA,92.86%,98.99%;KL38_10_rmlD,82.55%,100.00%,below_id_threshold;KL86_12_rmlC,92.70%,96.74%		
3.2.2.dev25+g7f2e9ef87.d20260626	Acinetobacter_baumannii_K	0.0.1	GCF_006493045.1_ASM649304v1_genomic	KL19	K19-Wzy/Atr25-GI1	Typeable		99.92%	100.00%	1	17 / 17 (100.00%)	KL19_01_wzc,99.86%,100.00%;KL19_12_gdr,100.00%,100.00%;KL19_15_gpi,100.00%,100.00%;KL19_17_pgm,100.00%,100.00%;KL19_04_gna1,100.00%,100.00%;KL19_14_ugd,100.00%,100.00%;KL19_06_wzx_KL19,100.00%,100.00%;KL19_11_qhbB,100.00%,100.00%;KL19_08_gtr2,100.00%,100.00%;KL19_03_wza,100.00%,100.00%;KL19_07_gtr41,99.73%,100.00%;KL19_05_gne2,100.00%,100.00%;KL19_16_gne1,99.71%,100.00%;KL19_13_galU,99.25%,100.00%;KL19_10_qhbC,100.00%,100.00%;KL19_09_itrA1,100.00%,100.00%;KL19_02_wzb,100.00%,100.00%	?	0		0 / 17 (0.00%)		0			wzy-GI1,100.00%,100.00%;atr25-GI,100.00%,100.00%
3.2.2.dev25+g7f2e9ef87.d20260626	Acinetobacter_baumannii_K	0.0.1	GCF_006493645.1_ASM649364v1_genomic	KL25	K25	Untypeable	*	99.71%	100.00%	6	19 / 19 (100.00%)	KL25_01_wzc,100.00%,100.00%;KL25_14_gdr,100.00%,100.00%;KL25_17_gpi,100.00%,100.00%;KL25_19_pgm,100.00%,100.00%;KL25_04_gna2,100.00%,100.00%;KL25_16_ugd,100.00%,100.00%;KL25_06_mnaB,100.00%,100.00%;KL25_09_wzy_KL25,100.00%,100.00%;KL25_07_wzx_KL25,100.00%,100.00%;KL25_13_qhbB,98.95%,100.00%;KL25_03_wza,100.00%,100.00%;KL25_05_mnaA,100.00%,100.00%;KL25_18_gne1,100.00%,100.00%;KL25_10_gtr52,80.00%,100.00%,below_id_threshold;KL25_08_gtr51,95.83%,100.00%;KL25_15_galU,100.00%,100.00%;KL25_12_qhbA,100.00%,100.00%;KL25_11_itrA1,100.00%,99.44%;KL25_02_wzb,100.00%,100.00%	?	0		0 / 19 (0.00%)		0			
3.2.2.dev25+g7f2e9ef87.d20260626	Acinetobacter_baumannii_K	0.0.1	GCF_006493655.1_ASM649365v1_genomic	KL22	K3	Typeable		99.97%	100.00%	0	21 / 21 (100.00%)	KL22_01_wzc,100.00%,100.00%;KL22_20_pgt1,100.00%,100.00%;KL22_18_gpi,100.00%,100.00%;KL22_08_wzx_KL3,100.00%,100.00%;KL22_21_pgm,100.00%,100.00%;KL22_04_gna3,100.00%,100.00%;KL22_17_ugd,100.00%,100.00%;KL22_10_gtr6,100.00%,100.00%;KL22_03_wza,100.00%,100.00%;KL22_11_gtr7,100.00%,100.00%;KL22_07_dgaC,100.00%,100.00%;KL22_12_wzy_KL3,100.00%,100.00%;KL22_13_gtr8,100.00%,100.00%;KL22_19_gne1,100.00%,100.00%;KL22_05_dgaA,100.00%,100.00%;KL22_16_galU,100.00%,100.00%;KL22_14_gtr9,100.00%,100.00%;KL22_15_itrA2,100.00%,100.00%;KL22_06_dgaB,100.00%,100.00%;KL22_09_atr2,100.00%,100.00%;KL22_02_wzb,99.30%,100.00%	?	0		0 / 21 (0.00%)		0			
3.2.2.dev25+g7f2e9ef87.d20260626	Acinetobacter_baumannii_K	0.0.1	GCF_006493685.1_ASM649368v1_genomic	KL24	K24-Wzy-GI2	Typeable	+-	99.88%	100.00%	1	20 / 21 (95.24%)	KL24_01_wzc,100.00%,100.00%;KL24_18_gpi,100.00%,100.00%;KL24_20_pgt1,97.88%,99.67%;KL24_04_gna2,100.00%,100.00%;KL24_09_wzx_KL10,99.77%,100.00%;KL24_17_ugd,100.00%,100.00%;KL24_14_gtr50,100.00%,100.00%;KL24_08_fdtB,100.00%,100.00%;KL24_13_gtr49,100.00%,100.00%;KL24_03_wza,100.00%,100.00%;KL24_11_gtr48,100.00%,100.00%;KL24_05_rmlB,100.00%,100.00%;KL24_19_gne1,100.00%,100.00%;KL24_06_rmlA,100.00%,100.00%;KL24_16_galU,100.00%,100.00%;KL24_10_gtr47,100.00%,100.00%;KL24_07_fdtE,100.00%,100.00%;KL24_15_itrA3,100.00%,100.00%;KL24_02_wzb,100.00%,100.00%;KL24_12_orf_KL24,100.00%,100.00%	?	1	KL52_17_pgm,99.78%,100.00%	0 / 21 (0.00%)		0			wzy-GI2,100.00%,100.00%
3.2.2.dev25+g7f2e9ef87.d20260626	Acinetobacter_baumannii_K	0.0.1	GCF_006493705.1_ASM649370v1_genomic	KL15	K15	Typeable		99.94%	100.00%	0	22 / 22 (100.00%)	KL15_01_wzc,100.00%,100.00%;KL15_16_gdr,100.00%,100.00%;KL15_20_gpi,99.82%,100.00%;KL15_17_orf_KL15,100.00%,100.00%;KL15_09_wzx_KL15,100.00%,100.00%;KL15_10_wzy_KL15,100.00%,100.00%;KL15_04_gna3,100.00%,100.00%;KL15_22_pgm,99.12%,100.00%;KL15_19_ugd,100.00%,100.00%;KL15_12_gtr36,100.00%,100.00%;KL15_15_qhbB,100.00%,100.00%;KL15_03_wza,100.00%,100.00%;KL15_11_gtr35,100.00%,100.00%;KL15_08_gtr34,100.00%,100.00%;KL15_07_dgaC,100.00%,100.00%;KL15_21_gne1,99.71%,100.00%;KL15_05_dgaA,100.00%,100.00%;KL15_18_galU,100.00%,100.00%;KL15_14_qhbC,100.00%,100.00%;KL15_13_itrA1,100.00%,100.00%;KL15_06_dgaB,100.00%,100.00%;KL15_02_wzb,100.00%,100.00%	?	0		0 / 22 (0.00%)		0			
3.2.2.dev25+g7f2e9ef87.d20260626	Acinetobacter_baumannii_K	0.0.1	GCF_006493735.1_ASM649373v1_genomic	KL4	K4	Untypeable	+-*!	99.86%	99.43%	-159	22 / 23 (95.65%)	KL4_01_wzc,99.86%,100.00%;KL4_15_gdr,99.82%,100.00%;KL4_21_gpi,99.82%,100.00%;KL4_06_wzx_KL4,100.00%,100.00%;KL4_09_wzy_KL4,100.00%,100.00%;KL4_17_atr4,99.78%,100.00%;KL4_04_gna1,100.00%,100.00%;KL4_20_ugd,99.76%,100.00%;KL4_11_gtr12,99.74%,100.00%;KL4_03_wza,100.00%,100.00%;KL4_10_gtr11,99.73%,100.00%;KL4_05_gne2,100.00%,100.00%;KL4_16_gne3,100.00%,100.00%;KL4_13_itrB1,100.00%,100.00%;KL4_07_ptr1,100.00%,100.00%;KL4_12_qnr1,99.68%,100.00%;KL4_22_gne1,98.80%,98.13%;KL4_19_galU,100.00%,100.00%;KL4_08_gtr10,100.00%,100.00%;KL4_14_atr3,100.00%,100.00%;KL4_02_wzb,100.00%,100.00%;KL4_18_atr5,69.84%,99.53%,below_id_threshold	?	1	KL51_17_pgt1,28.00%,15.26%,partial	0 / 23 (0.00%)		2	KL149_21_pgt1,100.00%,86.48%,partial;KL76_16_pgm,100.00%,100.00%	KL149_21_pgt1,100.00%,86.48%,partial;KL51_17_pgt1,28.00%,15.26%,partial	
3.2.2.dev25+g7f2e9ef87.d20260626	Acinetobacter_baumannii_K	0.0.1	GCF_006493745.1_ASM649374v1_genomic	KL25	K25	Untypeable	*	99.71%	100.00%	6	19 / 19 (100.00%)	KL25_01_wzc,100.00%,100.00%;KL25_14_gdr,100.00%,100.00%;KL25_17_gpi,100.00%,100.00%;KL25_19_pgm,100.00%,100.00%;KL25_04_gna2,100.00%,100.00%;KL25_16_ugd,100.00%,100.00%;KL25_06_mnaB,100.00%,100.00%;KL25_09_wzy_KL25,100.00%,100.00%;KL25_07_wzx_KL25,100.00%,100.00%;KL25_13_qhbB,98.95%,100.00%;KL25_03_wza,100.00%,100.00%;KL25_05_mnaA,100.00%,100.00%;KL25_18_gne1,100.00%,100.00%;KL25_10_gtr52,80.00%,100.00%,below_id_threshold;KL25_08_gtr51,95.83%,100.00%;KL25_15_galU,100.00%,100.00%;KL25_12_qhbA,100.00%,100.00%;KL25_11_itrA1,100.00%,99.44%;KL25_02_wzb,100.00%,100.00%	?	0		0 / 19 (0.00%)		0			
3.2.2.dev25+g7f2e9ef87.d20260626	Acinetobacter_baumannii_K	0.0.1	GCF_006493755.1_ASM649375v1_genomic	KL7	K7	Typeable		100.00%	100.00%	0	22 / 22 (100.00%)	KL7_01_wzc,100.00%,100.00%;KL7_20_gpi,100.00%,100.00%;KL7_22_pgm,100.00%,100.00%;KL7_04_gna2,100.00%,100.00%;KL7_19_ugd,100.00%,100.00%;KL7_12_wzx_KL5,100.00%,100.00%;KL7_05_lgaA,100.00%,100.00%;KL7_06_lgaB,100.00%,100.00%;KL7_07_lgaC,100.00%,100.00%;KL7_03_wza,100.00%,100.00%;KL7_08_lgaD,100.00%,100.00%;KL7_15_gtr14,100.00%,100.00%;KL7_14_wzy_KL7,100.00%,100.00%;KL7_16_gtr15,100.00%,100.00%;KL7_21_gne1,100.00%,100.00%;KL7_13_gtr13,100.00%,100.00%;KL7_18_galU,100.00%,100.00%;KL7_10_lgaF,100.00%,100.00%;KL7_11_lgaG,100.00%,100.00%;KL7_09_lgaE,100.00%,100.00%;KL7_17_itrA2,100.00%,100.00%;KL7_02_wzb,100.00%,100.00%	?	0		0 / 22 (0.00%)		0			
3.2.2.dev25+g7f2e9ef87.d20260626	Acinetobacter_baumannii_K	0.0.1	GCF_006493765.1_ASM649376v1_genomic	KL107	unknown	Untypeable	?+-*	99.83%	95.10%	n/a	16 / 19 (84.21%)	KL107_01_wzc,99.73%,100.00%;KL107_03_wza,100.00%,100.00%;KL107_02_wzb,100.00%,100.00%;KL107_14_gdr,100.00%,100.00%;KL107_04_gna1,99.76%,100.00%;KL107_16_ugd,100.00%,100.00%;KL107_06_wzx_KL1,99.50%,100.00%;KL107_13_qhbB,100.00%,100.00%;KL107_08_wzy_KL1,99.74%,100.00%;KL107_10_gtr2,99.74%,100.00%;KL107_07_gtr1,99.72%,100.00%;KL107_05_gne2,99.12%,100.00%;KL107_09_atr1,41.98%,100.00%,below_id_threshold;KL107_15_galU,100.00%,100.00%;KL107_12_qhbA,100.00%,100.00%;KL107_11_itrA1,100.00%,100.00%	?	2	KL17_17_gpi,100.00%,100.00%;KL1_18_pgm,99.78%,100.00%	0 / 19 (0.00%)		0			
3.2.2.dev25+g7f2e9ef87.d20260626	Acinetobacter_baumannii_K	0.0.1	GCF_006493815.1_ASM649381v1_genomic	KL9	K9	Typeable	+-	100.00%	100.00%	1	20 / 21 (95.24%)	KL9_01_wzc,100.00%,100.00%;KL9_19_gpi,100.00%,100.00%;KL9_21_pgm,100.00%,100.00%;KL9_04_gna1,100.00%,100.00%;KL9_18_ugd,100.00%,100.00%;KL9_06_wzx_KL9,100.00%,100.00%;KL9_08_gtr21,100.00%,100.00%;KL9_03_wza,100.00%,100.00%;KL9_12_fnlC,100.00%,100.00%;KL9_11_fnlB,100.00%,100.00%;KL9_10_fnlA,100.00%,100.00%;KL9_13_gtr20,100.00%,100.00%;KL9_05_gne2,100.00%,100.00%;KL9_20_gne1,100.00%,100.00%;KL9_15_itrB2,100.00%,100.00%;KL9_14_qnr3,100.00%,100.00%;KL9_07_wzy_KL9,100.00%,100.00%;KL9_17_galU,100.00%,100.00%;KL9_16_itrA3,100.00%,100.00%;KL9_02_wzb,100.00%,100.00%	?	1	KL222_09_gtr22,100.00%,100.00%	0 / 21 (0.00%)		0			
3.2.2.dev25+g7f2e9ef87.d20260626	Acinetobacter_baumannii_K	0.0.1	GCF_006493835.1_ASM649383v1_genomic	KL108	unknown	Typeable		99.95%	100.00%	0	27 / 27 (100.00%)	KL108_01_wzc,100.00%,100.00%;KL108_25_gpi,100.00%,100.00%;KL108_12_gtr59,100.00%,100.00%;KL108_27_pgm,100.00%,100.00%;KL108_04_gna2,100.00%,100.00%;KL108_24_ugd,100.00%,100.00%;KL108_05_lgaA,100.00%,100.00%;KL108_13_wzx_KL62,99.75%,100.00%;KL108_06_lgaB,100.00%,100.00%;KL108_07_lgaC,100.00%,100.00%;KL108_03_wza,100.00%,100.00%;KL108_18_fnlC,100.00%,100.00%;KL108_17_fnlB,100.00%,100.00%;KL108_14_wzy_KL108,99.73%,100.00%;KL108_08_lgaH,99.73%,100.00%;KL108_19_gtr20,100.00%,100.00%;KL108_16_fnlA,100.00%,100.00%;KL108_15_gtr128,100.00%,100.00%;KL108_26_gne1,100.00%,100.00%;KL108_21_itrB2,100.00%,100.00%;KL108_20_qnr3,100.00%,100.00%;KL108_23_galU,100.00%,100.00%;KL108_10_lgaF,100.00%,100.00%;KL108_11_lgaG,100.00%,100.00%;KL108_09_lgaI,99.54%,100.00%;KL108_22_itrA3,100.00%,100.00%;KL108_02_wzb,100.00%,100.00%	?	0		0 / 27 (0.00%)		0			
3.2.2.dev25+g7f2e9ef87.d20260626	Acinetobacter_baumannii_K	0.0.1	GCF_006493845.1_ASM649384v1_genomic	KL20	K20	Untypeable	+-*	99.92%	100.00%	54	21 / 23 (91.30%)	KL20_01_wzc,100.00%,100.00%;KL20_15_gdr,100.00%,100.00%;KL20_18_gpi,100.00%,100.00%;KL20_05_wzx_KL20,99.80%,100.00%;KL20_20_pet1,99.79%,100.00%;KL20_23_pgm,100.00%,100.00%;KL20_04_gna2,100.00%,100.00%;KL20_17_ugd,100.00%,100.00%;KL20_08_wzy_KL20,100.00%,100.00%;KL20_11_gtr44,100.00%,100.00%;KL20_14_qhbB,100.00%,100.00%;KL20_03_wza,100.00%,100.00%;KL20_19_gne1,100.00%,100.00%;KL20_07_gtr42,100.00%,100.00%;KL20_06_ptr2,100.00%,100.00%;KL20_16_galU,100.00%,100.00%;KL20_09_gtr43,100.00%,100.00%;KL20_13_qhbA,100.00%,100.00%;KL20_12_itrA1,100.00%,100.00%;KL20_02_wzb,99.30%,100.00%;KL20_21_orf1_KL20,99.25%,100.00%	?	2	KL82_17_atr32,47.03%,97.68%,below_id_threshold;KL199_10_ugd2,100.00%,100.00%	0 / 23 (0.00%)		0			
3.2.2.dev25+g7f2e9ef87.d20260626	Acinetobacter_baumannii_K	0.0.1	GCF_006493855.1_ASM649385v1_genomic	KL154	unknown	Typeable		100.00%	100.00%	0	26 / 26 (100.00%)	KL154_01_wzc,100.00%,100.00%;KL154_22_gdr,100.00%,100.00%;KL154_25_gpi,100.00%,100.00%;KL154_26_pgm,100.00%,100.00%;KL154_04_gna2,100.00%,100.00%;KL154_24_ugd,100.00%,100.00%;KL154_06_mnaB,100.00%,100.00%;KL154_16_wzx_KL154,100.00%,100.00%;KL154_18_wzy_KL154,100.00%,100.00%;KL154_07_lgaA,100.00%,100.00%;KL154_08_lgaB,100.00%,100.00%;KL154_09_lgaC,100.00%,100.00%;KL154_03_wza,100.00%,100.00%;KL154_10_lgaD,100.00%,100.00%;KL154_05_mnaA,100.00%,100.00%;KL154_17_gtr227,100.00%,100.00%;KL154_20_itrB1,100.00%,100.00%;KL154_19_fnr3,100.00%,100.00%;KL154_14_gtr226,100.00%,100.00%;KL154_12_lgaF,100.00%,100.00%;KL154_23_galU,100.00%,100.00%;KL154_13_lgaG,100.00%,100.00%;KL154_11_lgaE,100.00%,100.00%;KL154_21_atr3,100.00%,100.00%;KL154_15_atr34,100.00%,100.00%;KL154_02_wzb,100.00%,100.00%	?	0		0 / 26 (0.00%)		0			
3.2.2.dev25+g7f2e9ef87.d20260626	Acinetobacter_baumannii_K	0.0.1	GCF_006493875.1_ASM649387v1_genomic	KL83	K83	Untypeable	+-	99.87%	100.00%	58	19 / 22 (86.36%)	KL83_01_wzc,100.00%,100.00%;KL83_09_wzx_KL11,100.00%,100.00%;KL83_19_ugd,99.52%,100.00%;KL83_04_gna2,99.30%,100.00%;KL83_15_tle,100.00%,100.00%;KL83_03_wza,100.00%,100.00%;KL83_05_rmlB,99.72%,100.00%;KL83_16_gtr29,100.00%,100.00%;KL83_11_wzy_KL83,99.71%,100.00%;KL83_12_gtr27,100.00%,100.00%;KL83_10_gtr154,100.00%,100.00%;KL83_06_rmlD,100.00%,100.00%;KL83_18_galU,100.00%,100.00%;KL83_07_rmlA,99.33%,100.00%;KL83_13_gtr60,100.00%,100.00%;KL83_14_atr8,100.00%,100.00%;KL83_17_itrA3,100.00%,100.00%;KL83_08_rmlC,100.00%,100.00%;KL83_02_wzb,100.00%,100.00%	?	3	KL206_20_pgt1,99.84%,100.00%;KL112_20_gpi,99.64%,100.00%;KL99_21_pgm,100.00%,100.00%	0 / 22 (0.00%)		0			
3.2.2.dev25+g7f2e9ef87.d20260626	Acinetobacter_baumannii_K	0.0.1	GCF_006493915.1_ASM649391v1_genomic	KL47	K47	Untypeable	+-	99.42%	100.00%	-1	14 / 17 (82.35%)	KL47_01_wzc,100.00%,100.00%;KL47_16_pgt1,98.21%,100.00%;KL47_14_gpi,98.03%,100.00%;KL47_08_wzy_KL47,100.00%,100.00%;KL47_05_wzx_KL30,100.00%,100.00%;KL47_04_gna2,100.00%,100.00%;KL47_10_gtr50,100.00%,100.00%;KL47_09_gtr49,99.46%,100.00%;KL47_07_gtr96,100.00%,100.00%;KL47_15_gne1,99.71%,100.00%;KL47_03_wza,100.00%,100.00%;KL47_06_gtr95,99.66%,100.00%;KL47_11_itrA3,100.00%,100.00%;KL47_02_wzb,100.00%,100.00%	?	3	KL100_20_pgm,99.56%,100.00%;KL75_28_ugd,99.29%,100.00%;KL133_16_galU,96.23%,100.00%	0 / 17 (0.00%)		0			
3.2.2.dev25+g7f2e9ef87.d20260626	Acinetobacter_baumannii_K	0.0.1	GCF_006493925.1_ASM649392v1_genomic	KL13	K13	Typeable	+-	100.00%	100.00%	0	30 / 31 (96.77%)	KL13_01_wzc,99.86%,100.00%;KL13_26_gdr,100.00%,100.00%;KL13_29_gpi,100.00%,100.00%;KL13_15_gtr59,100.00%,100.00%;KL13_31_pgm,100.00%,100.00%;KL13_04_gna2,100.00%,100.00%;KL13_28_ugd,100.00%,100.00%;KL13_16_wzx_KL12,100.00%,100.00%;KL13_05_lgaA,100.00%,100.00%;KL13_22_gtr31,100.00%,100.00%;KL13_06_lgaB,100.00%,100.00%;KL13_07_lgaC,100.00%,100.00%;KL13_18_gtr30,100.00%,100.00%;KL13_03_wza,100.00%,100.00%;KL13_21_fnlC,100.00%,100.00%;KL13_20_fnlB,100.00%,100.00%;KL13_08_lgaD,100.00%,100.00%;KL13_19_fnlA,100.00%,100.00%;KL13_17_wzy_KL13,100.00%,100.00%;KL13_24_itrB3,100.00%,100.00%;KL13_30_gne1,100.00%,100.00%;KL13_23_fnr1,100.00%,100.00%;KL13_10_lgaF,100.00%,100.00%;KL13_27_galU,100.00%,100.00%;KL13_14_aciD,100.00%,100.00%;KL13_12_aciB,100.00%,100.00%;KL13_11_aciA,100.00%,100.00%;KL13_09_lgaE,100.00%,100.00%;KL13_25_atr7,100.00%,100.00%;KL13_02_wzb,100.00%,100.00%	?	1	KL241_14_aciC,100.00%,100.00%	0 / 31 (0.00%)		0			
3.2.2.dev25+g7f2e9ef87.d20260626	Acinetobacter_baumannii_K	0.0.1	GCF_006493945.1_ASM649394v1_genomic	KL45	K45	Typeable		98.76%	100.00%	8	17 / 17 (100.00%)	KL45_01_wzc,100.00%,100.00%;KL45_16_pgt1,99.51%,100.00%;KL45_14_gpi,100.00%,100.00%;KL45_08_wzy_KL45,100.00%,100.00%;KL45_17_pgm,99.78%,100.00%;KL45_05_wzx_KL45,100.00%,100.00%;KL45_04_gna2,99.77%,100.00%;KL45_13_ugd,100.00%,100.00%;KL45_10_gtr50,99.74%,100.00%;KL45_09_gtr93,100.00%,100.00%;KL45_03_wza,99.73%,100.00%;KL45_15_gne1,100.00%,100.00%;KL45_07_atr13,99.69%,100.00%;KL45_12_galU,100.00%,100.00%;KL45_06_gtr89,100.00%,100.00%;KL45_11_itrA3,100.00%,100.00%;KL45_02_wzb,99.30%,100.00%	?	0		0 / 17 (0.00%)		4	KL144_08_rmlB,90.88%,98.78%;KL114_11_rmlA,92.86%,98.99%;KL38_10_rmlD,82.55%,100.00%,below_id_threshold;KL85_11_rmlC,93.92%,98.73%		
3.2.2.dev25+g7f2e9ef87.d20260626	Acinetobacter_baumannii_K	0.0.1	GCF_006493955.1_ASM649395v1_genomic	KL31	unknown	Typeable		99.02%	100.00%	0	21 / 21 (100.00%)	KL31_01_wzc,100.00%,100.00%;KL31_19_gpi,100.00%,100.00%;KL31_21_pgm,98.91%,100.00%;KL31_04_gna2,100.00%,100.00%;KL31_18_ugd,100.00%,100.00%;KL31_11_wzx_KL5,100.00%,100.00%;KL31_06_psaB,100.00%,100.00%;KL31_03_wza,100.00%,100.00%;KL31_13_wzy_KL31,100.00%,100.00%;KL31_08_psaG,100.00%,100.00%;KL31_10_psaF,100.00%,100.00%;KL31_20_gne1,100.00%,100.00%;KL31_05_psaA,100.00%,100.00%;KL31_14_gtr66,100.00%,100.00%;KL31_12_gtr65,100.00%,100.00%;KL31_09_psaH,100.00%,100.00%;KL31_17_galU,100.00%,100.00%;KL31_15_gtr5,100.00%,100.00%;KL31_07_psaC,100.00%,100.00%;KL31_16_itrA2,100.00%,100.00%;KL31_02_wzb,100.00%,100.00%	?	0		0 / 21 (0.00%)		4	KL144_08_rmlB,90.88%,98.78%;KL114_11_rmlA,92.86%,98.99%;KL38_10_rmlD,82.55%,100.00%,below_id_threshold;KL85_11_rmlC,93.92%,98.73%	atr29-Ph,75.25%,58.07%,truncated	atr29-Ph,75.25%,58.07%,truncated
3.2.2.dev25+g7f2e9ef87.d20260626	Acinetobacter_baumannii_K	0.0.1	GCF_006493975.1_ASM649397v1_genomic	KL196	unknown	Untypeable	+-	98.24%	100.00%	1964	12 / 16 (75.00%)	KL196_01_wzc,97.13%,100.00%;KL196_16_pgm,98.90%,99.56%;KL196_04_gna2,100.00%,100.00%;KL196_06_wzx_KL52,99.76%,100.00%;KL196_03_wza,99.49%,100.00%;KL196_05_mnaA3,99.72%,100.00%;KL196_09_gtr108,100.00%,100.00%;KL196_07_gtr107,99.71%,100.00%;KL196_08_wzy_KL52,99.42%,100.00%;KL196_15_gne1,99.70%,98.43%;KL196_10_gtr5,95.13%,100.00%;KL196_02_wzb,99.30%,100.00%	?	5	KL204_16_pgt1,100.00%,100.00%;KL60_18_gpi,99.82%,100.00%;KL205_18_ugd,99.52%,100.00%;KL10_18_galU,100.00%,100.00%;KL197_15_itrA2,99.52%,100.00%	0 / 16 (0.00%)		4	KL144_08_rmlB,90.88%,98.78%;KL114_11_rmlA,92.86%,98.99%;KL38_10_rmlD,82.21%,100.00%,below_id_threshold;KL85_11_rmlC,93.92%,98.73%		
3.2.2.dev25+g7f2e9ef87.d20260626	Acinetobacter_baumannii_K	0.0.1	GCF_006494005.1_ASM649400v1_genomic	KL18	unknown	Typeable	?!	100.00%	100.00%	n/a	20 / 20 (100.00%)	KL18_01_wzc,100.00%,100.00%;KL18_14_gdr,100.00%,100.00%;KL18_09_wzy_KL17,100.00%,100.00%;KL18_04_gna1,100.00%,100.00%;KL18_06_wzx_KL17,100.00%,100.00%;KL18_10_gtr40,100.00%,100.00%;KL18_13_qhbB,100.00%,100.00%;KL18_03_wza,100.00%,100.00%;KL18_08_gtr39,100.00%,100.00%;KL18_05_gne2,100.00%,100.00%;KL18_07_alt1,100.00%,100.00%;KL18_15_galU,100.00%,100.00%;KL18_12_qhbC,100.00%,100.00%;KL18_11_itrA1,100.00%,100.00%;KL18_02_wzb,100.00%,100.00%;KL18_16_ugd,100.00%,11.88%,truncated;KL18_17_gpi,100.00%,100.00%;KL18_19_pgm,100.00%,100.00%;KL18_16_ugd,100.00%,88.36%,truncated;KL18_18_gne1,100.00%,100.00%	?	0		0 / 20 (0.00%)		0		KL18_16_ugd,100.00%,11.88%,truncated;KL18_16_ugd,100.00%,88.36%,truncated	
3.2.2.dev25+g7f2e9ef87.d20260626	Acinetobacter_baumannii_K	0.0.1	GCF_006494015.1_ASM649401v1_genomic	KL155	K155	Typeable		100.00%	100.00%	0	21 / 21 (100.00%)	KL155_01_wzc,100.00%,100.00%;KL155_20_gpi,100.00%,100.00%;KL155_22_pgm,100.00%,100.00%;KL155_04_gna2,100.00%,100.00%;KL155_19_ugd,100.00%,100.00%;KL155_12_wzx_KL155,100.00%,100.00%;KL155_06_psaB,100.00%,100.00%;KL155_03_wza,100.00%,100.00%;KL155_14_wzy_KL155,100.00%,100.00%;KL155_08_psaG,100.00%,100.00%;KL155_10_psaF,100.00%,100.00%;KL155_15_gtr230,100.00%,100.00%;KL155_21_gne1,100.00%,100.00%;KL155_05_psaA,100.00%,100.00%;KL155_11_gtr228,100.00%,100.00%;KL155_18_galU,100.00%,100.00%;KL155_13_gtr229,100.00%,100.00%;KL155_09_psaH,100.00%,100.00%;KL155_16_gtr9,100.00%,100.00%;KL155_07_psaC,100.00%,100.00%;KL155_02_wzb,100.00%,100.00%	?	0		0 / 21 (0.00%)		0			
3.2.2.dev25+g7f2e9ef87.d20260626	Acinetobacter_baumannii_K	0.0.1	GCF_006494055.1_ASM649405v1_genomic	KL121	unknown	Untypeable	+-	98.56%	100.00%	0	15 / 21 (71.43%)	KL121_19_gpi,99.82%,100.00%;KL121_12_kpsS3,100.00%,100.00%;KL121_18_ugd,99.52%,100.00%;KL121_11_wzx_KL121,100.00%,100.00%;KL121_10_psaF,100.00%,100.00%;KL121_15_gtr15,100.00%,100.00%;KL121_14_gtr14,98.05%,100.00%;KL121_20_gne1,100.00%,100.00%;KL121_03_wza,99.73%,100.00%;KL121_08_psaD,96.17%,100.00%;KL121_13_wzy_KL5,100.00%,100.00%;KL121_17_galU,98.63%,100.00%;KL121_07_psaC,98.70%,100.00%;KL121_16_itrA2,100.00%,100.00%;KL121_09_psaE,99.42%,100.00%	?	6	KL163_01_wzc,98.90%,100.00%;KL218_21_pgm,100.00%,100.00%;KL177_04_gna2,100.00%,100.00%;KL123_06_psaB,99.48%,100.00%;KL58_05_psaA,99.41%,100.00%;KL115_02_wzb,100.00%,100.00%	0 / 21 (0.00%)		4	KL144_08_rmlB,90.88%,98.78%;KL114_11_rmlA,92.86%,98.99%;KL38_10_rmlD,82.55%,100.00%,below_id_threshold;KL85_11_rmlC,93.92%,98.73%		
3.2.2.dev25+g7f2e9ef87.d20260626	Acinetobacter_baumannii_K	0.0.1	GCF_006494065.1_ASM649406v1_genomic	KL6	K6	Typeable	?	99.99%	97.45%	n/a	21 / 21 (100.00%)	KL6_01_wzc,99.86%,100.00%;KL6_04_gna2,100.00%,100.00%;KL6_11_wzx_KL5,100.00%,100.00%;KL6_06_psaB,100.00%,100.00%;KL6_03_wza,100.00%,100.00%;KL6_08_psaD,100.00%,100.00%;KL6_10_psaF,100.00%,100.00%;KL6_05_psaA,100.00%,100.00%;KL6_07_psaC,100.00%,100.00%;KL6_09_psaE,100.00%,100.00%;KL6_02_wzb,100.00%,100.00%;KL6_19_gpi,100.00%,100.00%;KL6_21_pgm,100.00%,100.00%;KL6_13_wzy_KL6,100.00%,100.00%;KL6_18_ugd,100.00%,100.00%;KL6_20_gne1,100.00%,100.00%;KL6_17_galU,100.00%,100.00%;KL6_15_gtr5,100.00%,100.00%;KL6_14_gtr17,100.00%,100.00%;KL6_16_itrA2,100.00%,100.00%;KL6_12_gtr16,100.00%,100.00%	?	0		0 / 21 (0.00%)		0			
3.2.2.dev25+g7f2e9ef87.d20260626	Acinetobacter_baumannii_K	0.0.1	GCF_006494075.1_ASM649407v1_genomic	KL15	K15	Typeable		99.96%	100.00%	0	22 / 22 (100.00%)	KL15_01_wzc,100.00%,100.00%;KL15_16_gdr,100.00%,100.00%;KL15_20_gpi,99.82%,100.00%;KL15_17_orf_KL15,99.60%,100.00%;KL15_09_wzx_KL15,100.00%,100.00%;KL15_10_wzy_KL15,100.00%,100.00%;KL15_22_pgm,100.00%,100.00%;KL15_04_gna3,100.00%,100.00%;KL15_19_ugd,100.00%,100.00%;KL15_12_gtr36,100.00%,100.00%;KL15_15_qhbB,99.74%,100.00%;KL15_03_wza,100.00%,100.00%;KL15_11_gtr35,100.00%,100.00%;KL15_08_gtr34,100.00%,100.00%;KL15_07_dgaC,100.00%,100.00%;KL15_21_gne1,100.00%,100.00%;KL15_05_dgaA,100.00%,100.00%;KL15_18_galU,100.00%,100.00%;KL15_14_qhbC,100.00%,100.00%;KL15_13_itrA1,100.00%,100.00%;KL15_06_dgaB,100.00%,100.00%;KL15_02_wzb,100.00%,100.00%	?	0		0 / 22 (0.00%)		0			
3.2.2.dev25+g7f2e9ef87.d20260626	Acinetobacter_baumannii_K	0.0.1	GCF_006494085.1_ASM649408v1_genomic	KL22	K3	Untypeable	+-	99.40%	91.96%	-1967	18 / 21 (85.71%)	KL22_18_gpi,99.82%,100.00%;KL22_08_wzx_KL3,98.91%,100.00%;KL22_04_gna3,100.00%,100.00%;KL22_21_pgm,98.46%,99.56%;KL22_17_ugd,99.52%,100.00%;KL22_10_gtr6,100.00%,100.00%;KL22_11_gtr7,99.73%,100.00%;KL22_12_wzy_KL3,100.00%,100.00%;KL22_07_dgaC,98.33%,100.00%;KL22_13_gtr8,99.13%,100.00%;KL22_19_gne1,99.40%,98.14%;KL22_05_dgaA,99.68%,100.00%;KL22_16_galU,99.66%,100.00%;KL22_14_gtr9,99.64%,100.00%;KL22_15_itrA2,100.00%,100.00%;KL22_09_atr2,100.00%,100.00%;KL22_06_dgaB,97.93%,100.00%;KL22_02_wzb,98.60%,100.00%	?	2	KL193_01_wzc,100.00%,100.00%;KL156_03_wza,99.20%,100.00%	0 / 21 (0.00%)		0			
3.2.2.dev25+g7f2e9ef87.d20260626	Acinetobacter_baumannii_K	0.0.1	GCF_006494115.1_ASM649411v1_genomic	KL28	unknown	Typeable		100.00%	100.00%	0	22 / 22 (100.00%)	KL28_01_wzc,100.00%,100.00%;KL28_20_gpi,100.00%,100.00%;KL28_22_pgm,100.00%,100.00%;KL28_04_gna2,100.00%,100.00%;KL28_19_ugd,100.00%,100.00%;KL28_12_wzx_KL5,100.00%,100.00%;KL28_05_lgaA,100.00%,100.00%;KL28_06_lgaB,100.00%,100.00%;KL28_07_lgaC,100.00%,100.00%;KL28_03_wza,100.00%,100.00%;KL28_08_lgaH,100.00%,100.00%;KL28_15_gtr14,100.00%,100.00%;KL28_14_wzy_KL7,100.00%,100.00%;KL28_16_gtr15,100.00%,100.00%;KL28_21_gne1,100.00%,100.00%;KL28_13_gtr13,100.00%,100.00%;KL28_18_galU,100.00%,100.00%;KL28_10_lgaF,100.00%,100.00%;KL28_11_lgaG,100.00%,100.00%;KL28_09_lgaI,100.00%,100.00%;KL28_17_itrA2,100.00%,100.00%;KL28_02_wzb,100.00%,100.00%	?	0		0 / 22 (0.00%)		0			
3.2.2.dev25+g7f2e9ef87.d20260626	Acinetobacter_baumannii_K	0.0.1	GCF_006494155.1_ASM649415v1_genomic	KL234	unknown	Untypeable	+-	99.83%	96.64%	-1237	26 / 31 (83.87%)	KL234_26_gdr,100.00%,100.00%;KL234_29_gpi,100.00%,100.00%;KL234_16_gtr59,100.00%,100.00%;KL234_31_pgm,100.00%,100.00%;KL234_28_ugd,100.00%,100.00%;KL234_17_wzx_KL12,100.00%,100.00%;KL234_22_gtr31,100.00%,100.00%;KL234_06_lgaA,100.00%,100.00%;KL234_18_gtr30,99.73%,100.00%;KL234_21_fnlC,100.00%,100.00%;KL234_20_fnlB,100.00%,100.00%;KL234_09_lgaD,100.00%,100.00%;KL234_08_lgaC,99.48%,100.00%;KL234_07_lgaB,98.96%,100.00%;KL234_11_lgaF,100.00%,100.00%;KL234_19_fnlA,100.00%,100.00%;KL234_24_itrB3,100.00%,100.00%;KL234_30_gne1,100.00%,100.00%;KL234_23_fnr1,100.00%,100.00%;KL234_14_aciC,100.00%,100.00%;KL234_27_galU,100.00%,100.00%;KL234_15_aciD,100.00%,100.00%;KL234_13_aciB,100.00%,100.00%;KL234_12_aciA,100.00%,100.00%;KL234_10_lgaE,100.00%,100.00%;KL234_25_atr7,100.00%,100.00%	?	5	KL12_01_wzc,96.70%,100.00%;KL212_17_wzy_KL12,100.00%,100.00%;KL212_04_gna2,100.00%,100.00%;KL110_03_wza,100.00%,100.00%;KL110_02_wzb,100.00%,100.00%	0 / 31 (0.00%)		0			
3.2.2.dev25+g7f2e9ef87.d20260626	Acinetobacter_baumannii_K	0.0.1	GCF_006494165.1_ASM649416v1_genomic	KL4	K4	Typeable		100.00%	100.00%	0	23 / 23 (100.00%)	KL4_01_wzc,100.00%,100.00%;KL4_15_gdr,100.00%,100.00%;KL4_21_gpi,100.00%,100.00%;KL4_06_wzx_KL4,100.00%,100.00%;KL4_23_pgm,100.00%,100.00%;KL4_09_wzy_KL4,100.00%,100.00%;KL4_17_atr4,100.00%,100.00%;KL4_04_gna1,100.00%,100.00%;KL4_20_ugd,100.00%,100.00%;KL4_11_gtr12,100.00%,100.00%;KL4_03_wza,100.00%,100.00%;KL4_10_gtr11,100.00%,100.00%;KL4_16_gne3,100.00%,100.00%;KL4_05_gne2,100.00%,100.00%;KL4_22_gne1,100.00%,100.00%;KL4_13_itrB1,100.00%,100.00%;KL4_07_ptr1,100.00%,100.00%;KL4_12_qnr1,100.00%,100.00%;KL4_19_galU,100.00%,100.00%;KL4_08_gtr10,100.00%,100.00%;KL4_14_atr3,100.00%,100.00%;KL4_18_atr5,100.00%,100.00%;KL4_02_wzb,100.00%,100.00%	?	0		0 / 23 (0.00%)		0			
3.2.2.dev25+g7f2e9ef87.d20260626	Acinetobacter_baumannii_K	0.0.1	GCF_006494175.1_ASM649417v1_genomic	KL22	K3	Typeable		99.95%	100.00%	0	21 / 21 (100.00%)	KL22_01_wzc,100.00%,100.00%;KL22_20_pgt1,100.00%,100.00%;KL22_18_gpi,100.00%,100.00%;KL22_08_wzx_KL3,100.00%,100.00%;KL22_21_pgm,100.00%,100.00%;KL22_04_gna3,100.00%,100.00%;KL22_17_ugd,100.00%,100.00%;KL22_10_gtr6,100.00%,100.00%;KL22_03_wza,100.00%,100.00%;KL22_11_gtr7,99.73%,100.00%;KL22_07_dgaC,100.00%,100.00%;KL22_12_wzy_KL3,100.00%,100.00%;KL22_13_gtr8,100.00%,100.00%;KL22_19_gne1,100.00%,100.00%;KL22_05_dgaA,100.00%,100.00%;KL22_16_galU,100.00%,100.00%;KL22_14_gtr9,100.00%,100.00%;KL22_15_itrA2,100.00%,100.00%;KL22_06_dgaB,100.00%,100.00%;KL22_09_atr2,100.00%,100.00%;KL22_02_wzb,99.30%,100.00%	?	0		0 / 21 (0.00%)		0			
3.2.2.dev25+g7f2e9ef87.d20260626	Acinetobacter_baumannii_K	0.0.1	GCF_006494215.1_ASM649421v1_genomic	KL146	unknown	Typeable		100.00%	100.00%	0	19 / 19 (100.00%)	KL146_01_wzc,100.00%,100.00%;KL146_14_gdr,100.00%,100.00%;KL146_17_gpi,100.00%,100.00%;KL146_19_pgm,100.00%,100.00%;KL146_08_wzy_KL146,100.00%,100.00%;KL146_04_gna1,100.00%,100.00%;KL146_16_ugd,100.00%,100.00%;KL146_06_wzx_KL19,100.00%,100.00%;KL146_13_qhbB,100.00%,100.00%;KL146_10_gtr2,100.00%,100.00%;KL146_03_wza,100.00%,100.00%;KL146_07_gtr41,100.00%,100.00%;KL146_05_gne2,100.00%,100.00%;KL146_18_gne1,100.00%,100.00%;KL146_09_atr31,100.00%,100.00%;KL146_15_galU,100.00%,100.00%;KL146_12_qhbC,100.00%,100.00%;KL146_11_itrA1,100.00%,100.00%;KL146_02_wzb,100.00%,100.00%	?	0		0 / 19 (0.00%)		0			
3.2.2.dev25+g7f2e9ef87.d20260626	Acinetobacter_baumannii_K	0.0.1	GCF_006494225.1_ASM649422v1_genomic	KL164	unknown	Untypeable	?+-!	98.49%	100.00%	n/a	18 / 22 (80.95%)	KL164_01_wzc,99.31%,100.00%;KL164_05_wzx_KL32,98.10%,100.00%;KL164_04_gna2,99.29%,100.00%;KL164_11_ugd3,99.23%,100.00%;KL164_07_gtr68,98.38%,100.00%;KL164_08_wzy_KL32,98.09%,100.00%;KL164_03_wza,98.39%,100.00%;KL164_06_gtr67,97.70%,100.00%;KL164_10_gtr70,99.22%,100.00%;KL164_09_gtr69,98.05%,100.00%;KL164_12_atr9,100.00%,100.00%;KL164_02_wzb,97.90%,100.00%;KL164_13_orf_KL32,99.22%,44.44%,partial;KL164_17_gpi,99.28%,100.00%;KL164_16_ugd,99.52%,100.00%;KL164_15_galU,98.63%,100.00%;KL164_14_itrA2,99.10%,100.00%;KL164_13_orf_KL32,98.12%,55.79%,partial	?	3	KL10_22_pgt1,96.74%,100.00%;KL190_23_pgm,100.00%,100.00%;KL230_15_gne1,99.12%,100.00%	0 / 22 (0.00%)		4	KL24_08_fdtB,97.46%,95.08%;KL133_05_rmlB,96.03%,100.00%;KL180_06_rmlA,98.06%,98.62%;KL95_07_qdtE,97.54%,100.00%	KL164_13_orf_KL32,99.22%,44.44%,partial;KL164_13_orf_KL32,98.12%,55.79%,partial	
3.2.2.dev25+g7f2e9ef87.d20260626	Acinetobacter_baumannii_K	0.0.1	GCF_006494255.1_ASM649425v1_genomic	KL16	K16	Typeable		99.77%	100.00%	0	20 / 20 (100.00%)	KL16_01_wzc,99.59%,100.00%;KL16_18_gpi,100.00%,100.00%;KL16_04_gna2,100.00%,100.00%;KL16_17_ugd,100.00%,100.00%;KL16_20_pgm,98.69%,100.00%;KL16_11_wzx_KL5,100.00%,100.00%;KL16_06_psaB,99.74%,100.00%;KL16_13_wzy_KL16,100.00%,100.00%;KL16_12_gtr37,100.00%,100.00%;KL16_08_psaD,99.45%,100.00%;KL16_10_psaF,100.00%,100.00%;KL16_03_wza,99.20%,100.00%;KL16_05_psaA,100.00%,100.00%;KL16_19_gne1,99.12%,100.00%;KL16_16_galU,100.00%,100.00%;KL16_14_gtr5,100.00%,100.00%;KL16_07_psaC,99.57%,100.00%;KL16_15_itrA3,100.00%,100.00%;KL16_09_psaE,100.00%,100.00%;KL16_02_wzb,100.00%,100.00%	?	0		0 / 20 (0.00%)		0			
3.2.2.dev25+g7f2e9ef87.d20260626	Acinetobacter_baumannii_K	0.0.1	GCF_006494265.1_ASM649426v1_genomic	KL77	unknown	Untypeable	+-	99.69%	95.37%	-1105	18 / 22 (81.82%)	KL77_01_wzc,99.59%,100.00%;KL77_18_gpi,99.28%,100.00%;KL77_12_kpsS2,100.00%,100.00%;KL77_13_wzy_KL33,99.78%,100.00%;KL77_04_gna2,99.76%,100.00%;KL77_11_wzx_KL33,100.00%,100.00%;KL77_06_psaB,100.00%,100.00%;KL77_17_ugd,99.29%,100.00%;KL77_08_psaD,99.45%,100.00%;KL77_10_psaF,100.00%,100.00%;KL77_05_psaA,100.00%,100.00%;KL77_19_gne1,99.10%,98.73%;KL77_03_wza,98.91%,100.00%;KL77_14_gtr5,99.64%,100.00%;KL77_07_psaC,99.57%,100.00%;KL77_15_itrA2,99.52%,100.00%;KL77_09_psaE,100.00%,100.00%;KL77_02_wzb,100.00%,100.00%	?	2	KL88_17_pgm,100.00%,99.56%;KL93_17_galU,100.00%,100.00%	0 / 22 (0.00%)		0			
3.2.2.dev25+g7f2e9ef87.d20260626	Acinetobacter_baumannii_K	0.0.1	GCF_006494285.1_ASM649428v1_genomic	KL156	unknown	Typeable		99.03%	100.00%	0	20 / 20 (100.00%)	KL156_01_wzc,100.00%,100.00%;KL156_18_gpi,100.00%,100.00%;KL156_09_wzx_KL156,100.00%,100.00%;KL156_20_pgm,100.00%,100.00%;KL156_04_gna3,100.00%,100.00%;KL156_17_ugd,100.00%,100.00%;KL156_08_gtr231,100.00%,100.00%;KL156_03_wza,100.00%,100.00%;KL156_07_dgaC,100.00%,100.00%;KL156_11_wzy_KL156,100.00%,100.00%;KL156_19_gne1,100.00%,100.00%;KL156_13_gtr8,100.00%,100.00%;KL156_05_dgaA,100.00%,100.00%;KL156_12_gtr176,100.00%,100.00%;KL156_10_gtr232,100.00%,100.00%;KL156_16_galU,100.00%,100.00%;KL156_14_gtr9,100.00%,100.00%;KL156_15_itrA2,100.00%,100.00%;KL156_06_dgaB,100.00%,100.00%;KL156_02_wzb,100.00%,100.00%	?	0		0 / 20 (0.00%)		4	KL144_08_rmlB,90.88%,98.78%;KL114_11_rmlA,92.86%,98.99%;KL38_10_rmlD,82.55%,100.00%,below_id_threshold;KL85_11_rmlC,93.92%,98.73%		
3.2.2.dev25+g7f2e9ef87.d20260626	Acinetobacter_baumannii_K	0.0.1	GCF_006494305.1_ASM649430v1_genomic	KL9	K9	Typeable	+-	100.00%	100.00%	1	20 / 21 (95.24%)	KL9_01_wzc,100.00%,100.00%;KL9_19_gpi,100.00%,100.00%;KL9_21_pgm,100.00%,100.00%;KL9_04_gna1,100.00%,100.00%;KL9_18_ugd,100.00%,100.00%;KL9_06_wzx_KL9,100.00%,100.00%;KL9_08_gtr21,100.00%,100.00%;KL9_03_wza,100.00%,100.00%;KL9_12_fnlC,100.00%,100.00%;KL9_11_fnlB,100.00%,100.00%;KL9_10_fnlA,100.00%,100.00%;KL9_13_gtr20,100.00%,100.00%;KL9_05_gne2,100.00%,100.00%;KL9_20_gne1,100.00%,100.00%;KL9_15_itrB2,100.00%,100.00%;KL9_07_wzy_KL9,100.00%,100.00%;KL9_14_qnr3,100.00%,100.00%;KL9_17_galU,100.00%,100.00%;KL9_16_itrA3,100.00%,100.00%;KL9_02_wzb,100.00%,100.00%	?	1	KL222_09_gtr22,100.00%,100.00%	0 / 21 (0.00%)		0			
3.2.2.dev25+g7f2e9ef87.d20260626	Acinetobacter_baumannii_K	0.0.1	GCF_006494565.1_ASM649456v1_genomic	KL152	unknown	Typeable		98.88%	100.00%	0	17 / 17 (100.00%)	KL152_01_wzc,100.00%,100.00%;KL152_15_gpi,100.00%,100.00%;KL152_05_wzx_KL20,100.00%,100.00%;KL152_17_pgm,100.00%,100.00%;KL152_04_gna2,100.00%,100.00%;KL152_14_ugd,100.00%,100.00%;KL152_08_wzy_KL151,100.00%,100.00%;KL152_11_ugd5,100.00%,100.00%;KL152_03_wza,100.00%,100.00%;KL152_09_gtr208,100.00%,100.00%;KL152_16_gne1,100.00%,100.00%;KL152_07_gtr207,100.00%,100.00%;KL152_06_ptr2,100.00%,100.00%;KL152_13_galU,100.00%,100.00%;KL152_10_gtr179,100.00%,100.00%;KL152_12_itrA2,100.00%,100.00%;KL152_02_wzb,100.00%,100.00%	?	0		0 / 17 (0.00%)		4	KL144_08_rmlB,90.88%,98.78%;KL114_11_rmlA,92.86%,98.99%;KL38_10_rmlD,82.55%,100.00%,below_id_threshold;KL85_11_rmlC,93.92%,98.73%		
3.2.2.dev25+g7f2e9ef87.d20260626	Acinetobacter_baumannii_K	0.0.1	GCF_006494575.1_ASM649457v1_genomic	KL157	unknown	Typeable		98.82%	100.00%	0	16 / 16 (100.00%)	KL157_01_wzc,100.00%,100.00%;KL157_15_pgt1,100.00%,100.00%;KL157_13_gpi,100.00%,100.00%;KL157_16_pgm,100.00%,100.00%;KL157_07_wzy_KL43,100.00%,100.00%;KL157_05_wzx_KL30,100.00%,100.00%;KL157_04_gna2,100.00%,100.00%;KL157_12_ugd,100.00%,100.00%;KL157_03_wza,100.00%,100.00%;KL157_09_gtr99,100.00%,100.00%;KL157_08_gtr98,100.00%,100.00%;KL157_14_gne1,100.00%,100.00%;KL157_06_gtr88,100.00%,100.00%;KL157_11_galU,100.00%,100.00%;KL157_10_itrA3,100.00%,100.00%;KL157_02_wzb,100.00%,100.00%	?	0		0 / 16 (0.00%)		4	KL144_08_rmlB,90.88%,98.78%;KL114_11_rmlA,92.86%,98.99%;KL38_10_rmlD,82.55%,100.00%,below_id_threshold;KL85_11_rmlC,93.92%,98.73%		
3.2.2.dev25+g7f2e9ef87.d20260626	Acinetobacter_baumannii_K	0.0.1	GCF_006494585.1_ASM649458v1_genomic	KL49	K49	Typeable	+-	99.92%	100.00%	0	27 / 28 (96.43%)	KL49_01_wzc,100.00%,100.00%;KL49_26_gpi,100.00%,100.00%;KL49_28_pgm,100.00%,100.00%;KL49_14_wzy_KL49,100.00%,100.00%;KL49_04_gna2,100.00%,100.00%;KL49_16_wzx_KL49,100.00%,100.00%;KL49_25_ugd,100.00%,100.00%;KL49_05_lgaA,100.00%,100.00%;KL49_07_lgaC,100.00%,100.00%;KL49_06_lgaB,100.00%,100.00%;KL49_19_fnlC,100.00%,100.00%;KL49_18_fnlB,100.00%,100.00%;KL49_03_wza,100.00%,100.00%;KL49_08_lgaD,100.00%,100.00%;KL49_15_gtr100,100.00%,100.00%;KL49_17_fnlA,100.00%,100.00%;KL49_27_gne1,100.00%,100.00%;KL49_22_itrB2,100.00%,100.00%;KL49_11_elaA,100.00%,100.00%;KL49_20_gtr20,100.00%,100.00%;KL49_24_galU,100.00%,100.00%;KL49_10_lgaF,100.00%,100.00%;KL49_13_elaC,100.00%,100.00%;KL49_12_elaB,100.00%,100.00%;KL49_09_lgaE,100.00%,100.00%;KL49_23_itrA3,100.00%,100.00%;KL49_02_wzb,100.00%,100.00%	?	1	KL54_20_qnr3,97.85%,100.00%	0 / 28 (0.00%)		0			
3.2.2.dev25+g7f2e9ef87.d20260626	Acinetobacter_baumannii_K	0.0.1	GCF_006494615.1_ASM649461v1_genomic	KL37	K37	Untypeable	+-	98.59%	100.00%	2	10 / 17 (58.82%)	KL37_05_wzx_KL14,100.00%,100.00%;KL37_04_gna2,99.77%,100.00%;KL37_03_wza,99.75%,100.00%;KL37_09_gtr77,100.00%,100.00%;KL37_07_gtr76,100.00%,100.00%;KL37_08_wzy_KL37,100.00%,100.00%;KL37_06_gtr75,100.00%,100.00%;KL37_10_gtr9,100.00%,100.00%;KL37_12_galU,97.60%,100.00%;KL37_11_itrA2,100.00%,100.00%	?	7	KL178_01_wzc,98.91%,100.00%;KL60_20_pgt1,100.00%,100.00%;KL224_17_gpi,98.38%,100.00%;KL148_25_pgm,99.78%,100.00%;KL166_16_ugd,100.00%,100.00%;KL89_19_gne1,100.00%,100.00%;KL116_02_wzb,100.00%,100.00%	0 / 17 (0.00%)		4	KL144_08_rmlB,90.88%,98.78%;KL114_11_rmlA,92.86%,98.99%;KL38_10_rmlD,82.55%,100.00%,below_id_threshold;KL85_11_rmlC,93.92%,98.73%		
3.2.2.dev25+g7f2e9ef87.d20260626	Acinetobacter_baumannii_K	0.0.1	GCF_006494665.1_ASM649466v1_genomic	KL78	unknown	Untypeable	+-	97.64%	81.62%	-6284	13 / 30 (43.33%)	KL78_25_gdr,98.40%,100.00%;KL78_01_wzc,95.33%,100.00%;KL78_21_gtr31,98.49%,100.00%;KL78_27_ugd,98.34%,100.00%;KL78_19_fnlB,98.65%,100.00%;KL78_20_fnlC,99.73%,100.00%;KL78_04_gna2,95.91%,97.88%;KL78_18_fnlA,99.71%,99.03%;KL78_22_fnr1,98.75%,100.00%;KL78_29_gne1,96.76%,100.00%;KL78_26_galU,92.47%,100.00%;KL78_24_atr7,96.07%,100.00%;KL78_02_wzb,99.30%,100.00%	?	10	KL73_29_gpi,97.31%,100.00%;KL125_10_wzy_KL125,98.40%,100.00%;KL125_06_mnaB,98.57%,100.00%;KL144_20_pgm,97.58%,99.49%;KL125_09_gtr199,96.26%,100.00%;KL125_07_wzx_KL125,97.69%,100.00%;KL219_05_mnaA,97.69%,100.00%;KL125_08_gtr198,97.69%,100.00%;KL234_24_itrB3,98.53%,100.00%;KL49_03_wza,98.10%,100.00%	0 / 30 (0.00%)		0			
3.2.2.dev25+g7f2e9ef87.d20260626	Acinetobacter_baumannii_K	0.0.1	GCF_006658565.1_ASM665856v1_genomic	KL149	unknown	Typeable	-	99.90%	92.68%	-1966	21 / 22 (95.45%)	KL149_01_wzc,98.90%,100.00%;KL149_19_gpi,100.00%,100.00%;KL149_22_pgm,98.90%,99.56%;KL149_04_gna1,100.00%,100.00%;KL149_18_ugd,100.00%,100.00%;KL149_06_wzx_KL9,100.00%,100.00%;KL149_08_gtr21,100.00%,100.00%;KL149_09_gtr22,100.00%,100.00%;KL149_03_wza,100.00%,100.00%;KL149_12_fnlC,100.00%,100.00%;KL149_11_fnlB,100.00%,100.00%;KL149_10_fnlA,100.00%,100.00%;KL149_13_gtr20,100.00%,100.00%;KL149_05_gne2,100.00%,100.00%;KL149_20_gne1,100.00%,98.14%;KL149_15_itrB2,100.00%,100.00%;KL149_07_wzy_KL9,100.00%,100.00%;KL149_14_qnr3,100.00%,100.00%;KL149_17_galU,100.00%,100.00%;KL149_16_itrA3,100.00%,100.00%;KL149_02_wzb,100.00%,100.00%	?	0		0 / 22 (0.00%)		0			
3.2.2.dev25+g7f2e9ef87.d20260626	Acinetobacter_baumannii_K	0.0.1	GCF_006658595.1_ASM665859v1_genomic	KL24	K24-Wzy-GI2	Typeable		100.00%	100.00%	0	21 / 21 (100.00%)	KL24_01_wzc,100.00%,100.00%;KL24_20_pgt1,100.00%,100.00%;KL24_18_gpi,100.00%,100.00%;KL24_21_pgm,100.00%,100.00%;KL24_04_gna2,100.00%,100.00%;KL24_09_wzx_KL10,100.00%,100.00%;KL24_17_ugd,100.00%,100.00%;KL24_14_gtr50,100.00%,100.00%;KL24_08_fdtB,100.00%,100.00%;KL24_13_gtr49,100.00%,100.00%;KL24_03_wza,100.00%,100.00%;KL24_11_gtr48,100.00%,100.00%;KL24_05_rmlB,100.00%,100.00%;KL24_19_gne1,100.00%,100.00%;KL24_06_rmlA,100.00%,100.00%;KL24_16_galU,100.00%,100.00%;KL24_10_gtr47,100.00%,100.00%;KL24_07_fdtE,100.00%,100.00%;KL24_15_itrA3,100.00%,100.00%;KL24_02_wzb,100.00%,100.00%;KL24_12_orf_KL24,100.00%,100.00%	?	0		0 / 21 (0.00%)		0			wzy-GI2,100.00%,100.00%
